Id,predicted
0,8
1,8
2,7
3,2
4,3
5,4
6,0
7,4
8,7
9,9
10,1
11,9
12,3
13,3
14,9
15,7
16,6
17,4
18,7
19,5
20,2
21,8
22,9
23,0
24,5
25,9
26,6
27,7
28,6
29,6
30,6
31,9
32,0
33,0
34,1
35,1
36,5
37,7
38,8
39,7
40,3
41,4
42,3
43,0
44,4
45,2
46,7
47,1
48,1
49,3
50,9
51,4
52,2
53,6
54,9
55,7
56,7
57,3
58,3
59,1
60,7
61,5
62,4
63,9
64,8
65,0
66,4
67,3
68,0
69,0
70,5
71,5
72,1
73,5
74,2
75,5
76,3
77,1
78,4
79,9
80,6
81,0
82,1
83,6
84,4
85,7
86,9
87,9
88,7
89,7
90,0
91,4
92,6
93,2
94,8
95,4
96,9
97,1
98,1
99,3
100,8
101,2
102,2
103,1
104,9
105,0
106,5
107,6
108,4
109,2
110,6
111,8
112,9
113,4
114,7
115,4
116,5
117,9
118,4
119,7
120,4
121,5
122,1
123,2
124,4
125,0
126,6
127,8
128,5
129,8
130,1
131,4
132,9
133,3
134,2
135,4
136,6
137,8
138,8
139,2
140,1
141,5
142,5
143,7
144,4
145,6
146,9
147,2
148,4
149,7
150,7
151,8
152,9
153,2
154,3
155,7
156,2
157,6
158,7
159,1
160,5
161,6
162,7
163,3
164,1
165,6
166,5
167,4
168,2
169,0
170,7
171,1
172,1
173,1
174,9
175,0
176,4
177,9
178,4
179,5
180,5
181,7
182,8
183,6
184,4
185,6
186,2
187,5
188,4
189,5
190,5
191,8
192,6
193,7
194,0
195,9
196,7
197,6
198,4
199,3
200,3
201,6
202,0
203,5
204,5
205,4
206,2
207,5
208,6
209,8
210,0
211,1
212,3
213,6
214,4
215,5
216,3
217,5
218,4
219,5
220,6
221,4
222,3
223,7
224,1
225,2
226,8
227,4
228,6
229,8
230,6
231,5
232,5
233,5
234,1
235,7
236,6
237,6
238,3
239,5
240,0
241,4
242,1
243,1
244,7
245,9
246,2
247,3
248,0
249,5
250,5
251,9
252,2
253,4
254,1
255,5
256,9
257,6
258,1
259,7
260,7
261,4
262,1
263,0
264,9
265,3
266,3
267,4
268,6
269,7
270,1
271,8
272,4
273,6
274,9
275,9
276,5
277,5
278,9
279,3
280,9
281,1
282,3
283,2
284,5
285,2
286,2
287,2
288,7
289,3
290,0
291,3
292,9
293,9
294,1
295,4
296,9
297,5
298,8
299,0
300,9
301,9
302,2
303,0
304,2
305,1
306,7
307,6
308,1
309,8
310,8
311,7
312,0
313,9
314,5
315,2
316,9
317,3
318,7
319,1
320,2
321,6
322,0
323,1
324,3
325,4
326,8
327,3
328,7
329,1
330,6
331,7
332,1
333,9
334,6
335,4
336,3
337,3
338,3
339,9
340,2
341,7
342,4
343,4
344,5
345,2
346,2
347,8
348,8
349,8
350,1
351,1
352,0
353,2
354,8
355,9
356,2
357,0
358,9
359,4
360,7
361,7
362,4
363,9
364,2
365,8
366,9
367,1
368,1
369,9
370,8
371,2
372,4
373,7
374,1
375,6
376,0
377,1
378,5
379,4
380,3
381,7
382,0
383,6
384,1
385,7
386,6
387,6
388,9
389,5
390,2
391,8
392,3
393,9
394,8
395,0
396,2
397,4
398,6
399,8
400,9
401,7
402,7
403,3
404,8
405,5
406,5
407,6
408,3
409,1
410,8
411,4
412,4
413,4
414,5
415,1
416,6
417,1
418,5
419,7
420,1
421,1
422,9
423,4
424,2
425,4
426,6
427,9
428,6
429,0
430,7
431,9
432,5
433,7
434,9
435,3
436,0
437,0
438,9
439,0
440,7
441,7
442,0
443,7
444,1
445,3
446,0
447,8
448,1
449,2
450,9
451,4
452,5
453,1
454,3
455,3
456,2
457,1
458,4
459,2
460,0
461,1
462,0
463,9
464,2
465,6
466,3
467,7
468,3
469,1
470,2
471,8
472,5
473,2
474,8
475,8
476,9
477,5
478,6
479,6
480,6
481,7
482,4
483,0
484,6
485,1
486,6
487,3
488,3
489,6
490,4
491,3
492,4
493,4
494,3
495,1
496,9
497,4
498,8
499,6
500,9
501,9
502,8
503,5
504,3
505,5
506,0
507,8
508,6
509,5
510,4
511,3
512,2
513,8
514,6
515,5
516,7
517,1
518,4
519,5
520,3
521,6
522,7
523,7
524,8
525,2
526,2
527,1
528,1
529,5
530,6
531,6
532,6
533,4
534,3
535,0
536,8
537,5
538,7
539,1
540,3
541,1
542,0
543,5
544,7
545,3
546,4
547,0
548,2
549,5
550,4
551,4
552,5
553,8
554,4
555,8
556,4
557,3
558,6
559,4
560,5
561,2
562,2
563,7
564,7
565,8
566,7
567,8
568,5
569,2
570,4
571,8
572,1
573,2
574,2
575,3
576,9
577,2
578,5
579,3
580,7
581,2
582,9
583,7
584,7
585,1
586,0
587,9
588,6
589,0
590,8
591,1
592,9
593,2
594,3
595,5
596,6
597,3
598,7
599,7
600,3
601,1
602,8
603,3
604,2
605,4
606,1
607,5
608,3
609,4
610,5
611,0
612,5
613,2
614,0
615,9
616,0
617,1
618,9
619,2
620,2
621,9
622,4
623,4
624,4
625,7
626,4
627,6
628,6
629,0
630,3
631,8
632,9
633,1
634,5
635,0
636,0
637,5
638,3
639,3
640,3
641,1
642,8
643,5
644,7
645,6
646,6
647,1
648,0
649,0
650,8
651,9
652,0
653,1
654,1
655,2
656,9
657,9
658,1
659,5
660,8
661,2
662,2
663,4
664,9
665,0
666,4
667,8
668,7
669,1
670,4
671,0
672,2
673,4
674,2
675,6
676,9
677,8
678,7
679,4
680,1
681,9
682,6
683,5
684,6
685,0
686,5
687,0
688,8
689,8
690,4
691,6
692,8
693,6
694,5
695,0
696,8
697,3
698,7
699,9
700,7
701,7
702,3
703,4
704,3
705,7
706,8
707,9
708,9
709,4
710,8
711,6
712,0
713,5
714,6
715,7
716,4
717,1
718,6
719,3
720,2
721,9
722,1
723,1
724,9
725,1
726,8
727,3
728,7
729,5
730,6
731,9
732,2
733,5
734,5
735,3
736,6
737,4
738,3
739,3
740,9
741,8
742,6
743,4
744,3
745,4
746,5
747,5
748,3
749,0
750,1
751,5
752,0
753,8
754,2
755,6
756,1
757,3
758,2
759,9
760,1
761,7
762,0
763,9
764,9
765,2
766,8
767,7
768,1
769,6
770,1
771,4
772,8
773,4
774,5
775,3
776,6
777,4
778,7
779,1
780,2
781,0
782,7
783,2
784,8
785,7
786,4
787,5
788,3
789,6
790,8
791,1
792,2
793,2
794,3
795,8
796,5
797,5
798,6
799,5
800,6
801,6
802,3
803,9
804,3
805,4
806,3
807,4
808,6
809,2
810,9
811,5
812,6
813,1
814,5
815,8
816,1
817,2
818,0
819,8
820,3
821,6
822,9
823,8
824,7
825,5
826,9
827,5
828,9
829,5
830,1
831,4
832,2
833,1
834,0
835,7
836,8
837,0
838,7
839,7
840,0
841,8
842,3
843,8
844,1
845,1
846,7
847,6
848,6
849,5
850,5
851,1
852,8
853,4
854,1
855,8
856,6
857,6
858,3
859,4
860,6
861,2
862,9
863,9
864,7
865,2
866,1
867,8
868,1
869,8
870,9
871,2
872,0
873,3
874,6
875,9
876,1
877,1
878,6
879,0
880,1
881,3
882,1
883,4
884,2
885,8
886,3
887,5
888,6
889,9
890,4
891,5
892,4
893,4
894,7
895,4
896,1
897,4
898,2
899,1
900,4
901,8
902,7
903,8
904,9
905,9
906,7
907,7
908,1
909,4
910,2
911,7
912,4
913,4
914,6
915,5
916,7
917,2
918,1
919,7
920,6
921,7
922,7
923,8
924,1
925,4
926,1
927,8
928,6
929,6
930,0
931,6
932,5
933,8
934,9
935,3
936,3
937,5
938,3
939,7
940,6
941,1
942,7
943,5
944,1
945,0
946,3
947,6
948,1
949,7
950,5
951,0
952,2
953,5
954,1
955,1
956,6
957,7
958,4
959,2
960,0
961,8
962,9
963,9
964,9
965,2
966,0
967,5
968,4
969,9
970,4
971,3
972,5
973,8
974,4
975,0
976,0
977,7
978,9
979,0
980,0
981,0
982,9
983,3
984,2
985,8
986,6
987,4
988,6
989,9
990,1
991,9
992,3
993,4
994,0
995,2
996,3
997,9
998,9
999,5
1000,9
1001,7
1002,6
1003,9
1004,9
1005,5
1006,3
1007,5
1008,1
1009,9
1010,4
1011,4
1012,6
1013,6
1014,8
1015,9
1016,4
1017,6
1018,2
1019,4
1020,3
1021,8
1022,5
1023,5
1024,7
1025,1
1026,5
1027,4
1028,9
1029,8
1030,8
1031,5
1032,6
1033,4
1034,1
1035,7
1036,8
1037,6
1038,8
1039,2
1040,0
1041,3
1042,2
1043,9
1044,7
1045,5
1046,7
1047,0
1048,4
1049,8
1050,6
1051,1
1052,5
1053,0
1054,2
1055,1
1056,8
1057,8
1058,2
1059,4
1060,5
1061,2
1062,3
1063,8
1064,5
1065,8
1066,4
1067,4
1068,8
1069,2
1070,7
1071,9
1072,4
1073,1
1074,5
1075,8
1076,4
1077,4
1078,3
1079,3
1080,7
1081,1
1082,9
1083,5
1084,3
1085,3
1086,0
1087,4
1088,4
1089,0
1090,0
1091,7
1092,6
1093,0
1094,2
1095,2
1096,6
1097,4
1098,0
1099,4
1100,7
1101,8
1102,4
1103,7
1104,8
1105,0
1106,5
1107,4
1108,4
1109,9
1110,3
1111,6
1112,1
1113,8
1114,5
1115,9
1116,3
1117,1
1118,7
1119,2
1120,7
1121,9
1122,1
1123,7
1124,3
1125,5
1126,2
1127,4
1128,7
1129,9
1130,9
1131,5
1132,1
1133,5
1134,5
1135,5
1136,6
1137,8
1138,4
1139,1
1140,9
1141,0
1142,4
1143,9
1144,9
1145,7
1146,7
1147,7
1148,3
1149,8
1150,1
1151,7
1152,0
1153,5
1154,0
1155,6
1156,8
1157,2
1158,5
1159,3
1160,1
1161,0
1162,5
1163,0
1164,3
1165,1
1166,5
1167,6
1168,0
1169,4
1170,3
1171,7
1172,8
1173,9
1174,7
1175,6
1176,5
1177,3
1178,9
1179,4
1180,4
1181,5
1182,8
1183,8
1184,3
1185,0
1186,9
1187,9
1188,6
1189,0
1190,4
1191,8
1192,3
1193,8
1194,9
1195,5
1196,1
1197,3
1198,9
1199,5
1200,6
1201,8
1202,6
1203,5
1204,3
1205,6
1206,4
1207,5
1208,0
1209,4
1210,1
1211,8
1212,2
1213,3
1214,4
1215,6
1216,0
1217,4
1218,6
1219,8
1220,9
1221,4
1222,3
1223,9
1224,1
1225,1
1226,0
1227,6
1228,5
1229,8
1230,0
1231,6
1232,1
1233,5
1234,9
1235,5
1236,6
1237,4
1238,9
1239,6
1240,8
1241,9
1242,7
1243,5
1244,5
1245,7
1246,8
1247,8
1248,4
1249,4
1250,9
1251,8
1252,2
1253,2
1254,4
1255,9
1256,6
1257,3
1258,0
1259,8
1260,1
1261,9
1262,2
1263,9
1264,6
1265,4
1266,7
1267,7
1268,8
1269,1
1270,3
1271,6
1272,3
1273,1
1274,7
1275,5
1276,1
1277,0
1278,8
1279,7
1280,2
1281,4
1282,2
1283,8
1284,1
1285,3
1286,1
1287,6
1288,2
1289,5
1290,0
1291,9
1292,4
1293,3
1294,4
1295,6
1296,9
1297,4
1298,0
1299,8
1300,8
1301,8
1302,7
1303,0
1304,2
1305,7
1306,2
1307,8
1308,3
1309,3
1310,5
1311,7
1312,2
1313,0
1314,9
1315,1
1316,7
1317,6
1318,2
1319,3
1320,7
1321,6
1322,9
1323,6
1324,0
1325,4
1326,2
1327,0
1328,2
1329,2
1330,4
1331,7
1332,9
1333,8
1334,3
1335,3
1336,7
1337,1
1338,5
1339,2
1340,5
1341,9
1342,6
1343,1
1344,5
1345,7
1346,3
1347,5
1348,5
1349,0
1350,4
1351,9
1352,0
1353,9
1354,2
1355,7
1356,4
1357,6
1358,6
1359,8
1360,4
1361,4
1362,9
1363,9
1364,5
1365,2
1366,1
1367,7
1368,9
1369,7
1370,0
1371,0
1372,4
1373,2
1374,3
1375,3
1376,1
1377,1
1378,4
1379,2
1380,9
1381,8
1382,0
1383,1
1384,8
1385,6
1386,1
1387,5
1388,5
1389,5
1390,7
1391,6
1392,4
1393,1
1394,0
1395,2
1396,4
1397,9
1398,5
1399,9
1400,5
1401,8
1402,7
1403,8
1404,1
1405,4
1406,3
1407,7
1408,9
1409,0
1410,2
1411,1
1412,6
1413,7
1414,9
1415,7
1416,2
1417,6
1418,7
1419,9
1420,2
1421,9
1422,9
1423,8
1424,5
1425,4
1426,4
1427,0
1428,5
1429,3
1430,8
1431,0
1432,3
1433,4
1434,7
1435,5
1436,1
1437,2
1438,8
1439,1
1440,8
1441,9
1442,3
1443,0
1444,4
1445,2
1446,4
1447,6
1448,3
1449,3
1450,1
1451,5
1452,0
1453,8
1454,5
1455,1
1456,5
1457,9
1458,8
1459,1
1460,4
1461,0
1462,5
1463,0
1464,9
1465,7
1466,1
1467,5
1468,3
1469,9
1470,6
1471,9
1472,4
1473,3
1474,4
1475,8
1476,3
1477,5
1478,3
1479,4
1480,1
1481,7
1482,2
1483,0
1484,3
1485,4
1486,2
1487,7
1488,4
1489,2
1490,0
1491,6
1492,5
1493,8
1494,7
1495,1
1496,1
1497,3
1498,9
1499,6
1500,1
1501,2
1502,5
1503,8
1504,5
1505,0
1506,7
1507,6
1508,7
1509,5
1510,7
1511,3
1512,4
1513,0
1514,0
1515,8
1516,2
1517,6
1518,3
1519,8
1520,0
1521,8
1522,0
1523,9
1524,0
1525,1
1526,9
1527,7
1528,2
1529,1
1530,7
1531,7
1532,2
1533,2
1534,5
1535,7
1536,1
1537,4
1538,3
1539,7
1540,5
1541,2
1542,1
1543,4
1544,3
1545,5
1546,1
1547,0
1548,4
1549,2
1550,0
1551,5
1552,0
1553,0
1554,3
1555,5
1556,7
1557,5
1558,4
1559,3
1560,9
1561,0
1562,0
1563,9
1564,2
1565,7
1566,4
1567,6
1568,2
1569,6
1570,0
1571,0
1572,0
1573,7
1574,9
1575,5
1576,7
1577,4
1578,3
1579,8
1580,6
1581,8
1582,1
1583,6
1584,7
1585,8
1586,3
1587,3
1588,6
1589,6
1590,7
1591,3
1592,8
1593,9
1594,8
1595,1
1596,2
1597,6
1598,4
1599,0
1600,3
1601,7
1602,2
1603,7
1604,7
1605,6
1606,3
1607,3
1608,2
1609,1
1610,3
1611,1
1612,1
1613,9
1614,3
1615,0
1616,2
1617,8
1618,5
1619,9
1620,1
1621,7
1622,5
1623,8
1624,3
1625,0
1626,5
1627,0
1628,9
1629,9
1630,7
1631,7
1632,0
1633,7
1634,1
1635,5
1636,6
1637,9
1638,3
1639,2
1640,6
1641,5
1642,2
1643,1
1644,6
1645,1
1646,3
1647,0
1648,3
1649,6
1650,2
1651,8
1652,8
1653,6
1654,5
1655,0
1656,1
1657,1
1658,9
1659,5
1660,0
1661,7
1662,2
1663,8
1664,2
1665,8
1666,5
1667,8
1668,6
1669,4
1670,3
1671,8
1672,0
1673,9
1674,9
1675,2
1676,3
1677,3
1678,3
1679,3
1680,6
1681,5
1682,2
1683,1
1684,5
1685,7
1686,6
1687,9
1688,7
1689,0
1690,8
1691,7
1692,5
1693,3
1694,7
1695,0
1696,9
1697,0
1698,7
1699,7
1700,1
1701,1
1702,5
1703,9
1704,7
1705,4
1706,8
1707,6
1708,3
1709,5
1710,1
1711,3
1712,1
1713,3
1714,2
1715,2
1716,5
1717,5
1718,1
1719,2
1720,5
1721,8
1722,1
1723,5
1724,8
1725,8
1726,0
1727,5
1728,1
1729,5
1730,7
1731,1
1732,7
1733,8
1734,8
1735,4
1736,9
1737,8
1738,4
1739,3
1740,0
1741,4
1742,5
1743,8
1744,9
1745,2
1746,8
1747,5
1748,3
1749,8
1750,3
1751,0
1752,4
1753,5
1754,5
1755,7
1756,5
1757,5
1758,8
1759,6
1760,3
1761,1
1762,0
1763,9
1764,6
1765,4
1766,7
1767,5
1768,5
1769,6
1770,4
1771,7
1772,6
1773,1
1774,6
1775,7
1776,4
1777,1
1778,5
1779,2
1780,5
1781,8
1782,4
1783,5
1784,4
1785,9
1786,0
1787,0
1788,8
1789,1
1790,4
1791,8
1792,6
1793,6
1794,0
1795,8
1796,6
1797,0
1798,8
1799,9
1800,8
1801,1
1802,2
1803,4
1804,5
1805,5
1806,8
1807,8
1808,3
1809,0
1810,2
1811,0
1812,7
1813,0
1814,4
1815,1
1816,7
1817,5
1818,8
1819,0
1820,5
1821,3
1822,0
1823,1
1824,8
1825,7
1826,7
1827,9
1828,5
1829,7
1830,3
1831,4
1832,4
1833,0
1834,2
1835,9
1836,9
1837,2
1838,4
1839,4
1840,6
1841,7
1842,7
1843,0
1844,7
1845,3
1846,6
1847,3
1848,9
1849,5
1850,2
1851,9
1852,6
1853,4
1854,4
1855,8
1856,2
1857,1
1858,4
1859,6
1860,8
1861,9
1862,7
1863,1
1864,7
1865,0
1866,5
1867,5
1868,9
1869,7
1870,6
1871,4
1872,3
1873,2
1874,9
1875,9
1876,0
1877,3
1878,7
1879,7
1880,9
1881,7
1882,8
1883,8
1884,1
1885,3
1886,2
1887,6
1888,4
1889,5
1890,8
1891,8
1892,3
1893,6
1894,7
1895,0
1896,2
1897,3
1898,9
1899,3
1900,4
1901,9
1902,6
1903,5
1904,2
1905,4
1906,5
1907,4
1908,4
1909,5
1910,4
1911,9
1912,4
1913,3
1914,1
1915,4
1916,2
1917,7
1918,9
1919,5
1920,2
1921,6
1922,2
1923,2
1924,7
1925,0
1926,7
1927,3
1928,6
1929,6
1930,2
1931,6
1932,3
1933,5
1934,8
1935,7
1936,2
1937,7
1938,9
1939,3
1940,7
1941,0
1942,0
1943,3
1944,9
1945,1
1946,3
1947,5
1948,2
1949,3
1950,9
1951,9
1952,2
1953,4
1954,5
1955,4
1956,5
1957,6
1958,9
1959,2
1960,9
1961,7
1962,6
1963,2
1964,7
1965,0
1966,4
1967,4
1968,9
1969,7
1970,8
1971,4
1972,8
1973,7
1974,7
1975,6
1976,7
1977,6
1978,8
1979,6
1980,5
1981,5
1982,4
1983,4
1984,3
1985,4
1986,1
1987,9
1988,0
1989,3
1990,6
1991,5
1992,7
1993,7
1994,1
1995,5
1996,7
1997,4
1998,0
1999,1
2000,6
2001,4
2002,9
2003,8
2004,8
2005,4
2006,1
2007,1
2008,1
2009,6
2010,6
2011,4
2012,4
2013,1
2014,7
2015,7
2016,9
2017,1
2018,3
2019,0
2020,0
2021,6
2022,1
2023,0
2024,0
2025,3
2026,7
2027,2
2028,6
2029,4
2030,5
2031,7
2032,1
2033,5
2034,1
2035,2
2036,5
2037,4
2038,9
2039,9
2040,7
2041,0
2042,4
2043,1
2044,7
2045,5
2046,0
2047,8
2048,2
2049,4
2050,9
2051,7
2052,5
2053,6
2054,8
2055,1
2056,4
2057,8
2058,8
2059,0
2060,3
2061,3
2062,4
2063,3
2064,4
2065,0
2066,6
2067,8
2068,9
2069,4
2070,9
2071,2
2072,6
2073,2
2074,7
2075,8
2076,1
2077,7
2078,2
2079,6
2080,1
2081,8
2082,2
2083,8
2084,8
2085,2
2086,2
2087,9
2088,8
2089,8
2090,6
2091,6
2092,7
2093,3
2094,1
2095,7
2096,3
2097,1
2098,5
2099,9
2100,3
2101,9
2102,3
2103,5
2104,8
2105,7
2106,8
2107,0
2108,1
2109,8
2110,4
2111,7
2112,9
2113,2
2114,8
2115,9
2116,0
2117,0
2118,7
2119,2
2120,8
2121,2
2122,6
2123,2
2124,6
2125,9
2126,7
2127,6
2128,8
2129,8
2130,6
2131,0
2132,0
2133,7
2134,6
2135,9
2136,3
2137,2
2138,7
2139,0
2140,8
2141,4
2142,6
2143,6
2144,7
2145,6
2146,8
2147,7
2148,6
2149,3
2150,1
2151,0
2152,8
2153,9
2154,8
2155,3
2156,1
2157,2
2158,8
2159,7
2160,8
2161,9
2162,3
2163,8
2164,6
2165,7
2166,1
2167,2
2168,8
2169,3
2170,5
2171,6
2172,8
2173,8
2174,3
2175,6
2176,1
2177,6
2178,2
2179,8
2180,4
2181,0
2182,1
2183,0
2184,1
2185,8
2186,9
2187,3
2188,4
2189,7
2190,2
2191,6
2192,7
2193,1
2194,0
2195,9
2196,0
2197,6
2198,0
2199,0
2200,4
2201,7
2202,5
2203,9
2204,3
2205,0
2206,1
2207,1
2208,4
2209,5
2210,1
2211,5
2212,1
2213,6
2214,6
2215,9
2216,2
2217,4
2218,5
2219,4
2220,6
2221,3
2222,0
2223,8
2224,5
2225,5
2226,1
2227,8
2228,8
2229,0
2230,0
2231,3
2232,7
2233,6
2234,2
2235,0
2236,8
2237,0
2238,2
2239,0
2240,3
2241,4
2242,0
2243,1
2244,3
2245,9
2246,3
2247,1
2248,4
2249,9
2250,8
2251,5
2252,0
2253,1
2254,7
2255,4
2256,4
2257,1
2258,6
2259,6
2260,5
2261,0
2262,2
2263,6
2264,8
2265,7
2266,5
2267,6
2268,3
2269,5
2270,5
2271,7
2272,0
2273,6
2274,0
2275,0
2276,8
2277,0
2278,1
2279,4
2280,8
2281,2
2282,3
2283,7
2284,6
2285,1
2286,7
2287,5
2288,5
2289,3
2290,7
2291,1
2292,1
2293,6
2294,4
2295,4
2296,8
2297,2
2298,2
2299,0
2300,1
2301,4
2302,2
2303,8
2304,4
2305,2
2306,7
2307,3
2308,4
2309,5
2310,8
2311,6
2312,7
2313,5
2314,5
2315,7
2316,8
2317,8
2318,3
2319,4
2320,6
2321,1
2322,5
2323,0
2324,4
2325,8
2326,3
2327,9
2328,3
2329,9
2330,2
2331,3
2332,6
2333,5
2334,1
2335,5
2336,2
2337,8
2338,8
2339,4
2340,4
2341,6
2342,6
2343,5
2344,5
2345,8
2346,4
2347,0
2348,3
2349,1
2350,9
2351,6
2352,1
2353,7
2354,1
2355,5
2356,6
2357,6
2358,2
2359,6
2360,8
2361,6
2362,4
2363,6
2364,1
2365,7
2366,9
2367,1
2368,0
2369,2
2370,9
2371,8
2372,1
2373,1
2374,5
2375,4
2376,1
2377,9
2378,5
2379,7
2380,9
2381,3
2382,2
2383,8
2384,4
2385,6
2386,9
2387,0
2388,0
2389,0
2390,4
2391,3
2392,8
2393,7
2394,4
2395,6
2396,4
2397,6
2398,3
2399,8
2400,2
2401,9
2402,2
2403,3
2404,3
2405,4
2406,2
2407,8
2408,4
2409,3
2410,1
2411,7
2412,2
2413,7
2414,3
2415,9
2416,4
2417,9
2418,6
2419,3
2420,5
2421,9
2422,2
2423,2
2424,8
2425,7
2426,3
2427,3
2428,5
2429,4
2430,4
2431,2
2432,9
2433,2
2434,2
2435,9
2436,9
2437,2
2438,0
2439,6
2440,5
2441,1
2442,8
2443,3
2444,4
2445,7
2446,1
2447,6
2448,2
2449,8
2450,2
2451,7
2452,1
2453,5
2454,5
2455,4
2456,3
2457,9
2458,9
2459,7
2460,8
2461,8
2462,5
2463,9
2464,3
2465,3
2466,0
2467,6
2468,4
2469,9
2470,1
2471,9
2472,3
2473,7
2474,1
2475,0
2476,8
2477,0
2478,9
2479,7
2480,1
2481,3
2482,5
2483,2
2484,5
2485,3
2486,0
2487,3
2488,7
2489,7
2490,7
2491,2
2492,6
2493,1
2494,5
2495,5
2496,9
2497,3
2498,8
2499,6
2500,7
2501,5
2502,0
2503,9
2504,0
2505,6
2506,9
2507,4
2508,5
2509,9
2510,7
2511,3
2512,0
2513,3
2514,8
2515,5
2516,8
2517,7
2518,7
2519,1
2520,9
2521,6
2522,9
2523,3
2524,3
2525,3
2526,5
2527,7
2528,5
2529,0
2530,5
2531,7
2532,5
2533,5
2534,3
2535,0
2536,4
2537,7
2538,9
2539,9
2540,2
2541,2
2542,4
2543,4
2544,8
2545,8
2546,0
2547,0
2548,8
2549,6
2550,3
2551,2
2552,4
2553,1
2554,8
2555,1
2556,9
2557,5
2558,8
2559,1
2560,8
2561,8
2562,2
2563,7
2564,5
2565,2
2566,1
2567,7
2568,0
2569,2
2570,6
2571,7
2572,7
2573,7
2574,6
2575,1
2576,6
2577,0
2578,9
2579,2
2580,2
2581,7
2582,8
2583,3
2584,9
2585,7
2586,4
2587,9
2588,4
2589,7
2590,7
2591,8
2592,5
2593,9
2594,7
2595,5
2596,7
2597,1
2598,3
2599,0
2600,3
2601,0
2602,3
2603,2
2604,6
2605,2
2606,4
2607,6
2608,9
2609,4
2610,5
2611,7
2612,5
2613,0
2614,7
2615,6
2616,2
2617,9
2618,6
2619,8
2620,2
2621,3
2622,7
2623,3
2624,4
2625,2
2626,2
2627,2
2628,8
2629,5
2630,7
2631,2
2632,8
2633,3
2634,8
2635,9
2636,7
2637,1
2638,4
2639,2
2640,8
2641,7
2642,5
2643,0
2644,6
2645,0
2646,5
2647,7
2648,3
2649,6
2650,2
2651,3
2652,4
2653,8
2654,1
2655,8
2656,1
2657,5
2658,1
2659,8
2660,9
2661,5
2662,1
2663,3
2664,4
2665,4
2666,3
2667,3
2668,9
2669,3
2670,2
2671,9
2672,6
2673,8
2674,9
2675,1
2676,9
2677,9
2678,1
2679,2
2680,9
2681,2
2682,0
2683,2
2684,6
2685,4
2686,9
2687,5
2688,4
2689,9
2690,5
2691,1
2692,5
2693,9
2694,3
2695,4
2696,5
2697,1
2698,7
2699,4
2700,6
2701,4
2702,7
2703,3
2704,8
2705,0
2706,2
2707,7
2708,0
2709,4
2710,9
2711,5
2712,2
2713,5
2714,5
2715,4
2716,5
2717,6
2718,3
2719,4
2720,4
2721,4
2722,1
2723,8
2724,4
2725,5
2726,3
2727,7
2728,9
2729,4
2730,9
2731,6
2732,9
2733,1
2734,2
2735,7
2736,5
2737,6
2738,1
2739,4
2740,6
2741,8
2742,6
2743,5
2744,2
2745,2
2746,9
2747,4
2748,6
2749,7
2750,9
2751,1
2752,3
2753,7
2754,7
2755,9
2756,9
2757,5
2758,1
2759,5
2760,9
2761,4
2762,6
2763,4
2764,3
2765,9
2766,4
2767,7
2768,3
2769,6
2770,0
2771,5
2772,9
2773,6
2774,2
2775,0
2776,3
2777,1
2778,5
2779,5
2780,2
2781,0
2782,7
2783,4
2784,3
2785,3
2786,3
2787,8
2788,5
2789,6
2790,8
2791,2
2792,4
2793,6
2794,2
2795,2
2796,7
2797,1
2798,1
2799,5
2800,7
2801,8
2802,1
2803,1
2804,4
2805,4
2806,1
2807,9
2808,1
2809,1
2810,7
2811,8
2812,6
2813,1
2814,7
2815,6
2816,1
2817,6
2818,8
2819,6
2820,3
2821,6
2822,1
2823,1
2824,8
2825,4
2826,5
2827,5
2828,5
2829,0
2830,8
2831,1
2832,2
2833,1
2834,7
2835,7
2836,8
2837,6
2838,2
2839,9
2840,7
2841,7
2842,3
2843,3
2844,7
2845,6
2846,1
2847,4
2848,1
2849,0
2850,5
2851,0
2852,2
2853,8
2854,5
2855,3
2856,5
2857,5
2858,6
2859,7
2860,2
2861,9
2862,6
2863,9
2864,3
2865,2
2866,3
2867,1
2868,4
2869,6
2870,1
2871,4
2872,1
2873,3
2874,4
2875,8
2876,0
2877,8
2878,0
2879,1
2880,7
2881,4
2882,8
2883,8
2884,9
2885,9
2886,1
2887,8
2888,4
2889,3
2890,9
2891,2
2892,9
2893,5
2894,7
2895,4
2896,0
2897,6
2898,1
2899,3
2900,4
2901,6
2902,2
2903,2
2904,8
2905,3
2906,9
2907,9
2908,1
2909,9
2910,0
2911,8
2912,2
2913,0
2914,7
2915,3
2916,9
2917,9
2918,7
2919,3
2920,0
2921,9
2922,7
2923,2
2924,2
2925,4
2926,0
2927,5
2928,4
2929,6
2930,9
2931,3
2932,4
2933,1
2934,1
2935,9
2936,1
2937,7
2938,3
2939,1
2940,7
2941,3
2942,1
2943,1
2944,2
2945,1
2946,4
2947,0
2948,3
2949,5
2950,6
2951,8
2952,0
2953,4
2954,8
2955,7
2956,1
2957,8
2958,6
2959,5
2960,0
2961,0
2962,0
2963,4
2964,6
2965,1
2966,0
2967,6
2968,4
2969,7
2970,2
2971,5
2972,7
2973,7
2974,3
2975,4
2976,0
2977,5
2978,0
2979,1
2980,2
2981,9
2982,6
2983,1
2984,3
2985,6
2986,5
2987,0
2988,5
2989,3
2990,8
2991,8
2992,5
2993,6
2994,6
2995,5
2996,8
2997,4
2998,3
2999,8
3000,2
3001,4
3002,5
3003,4
3004,1
3005,0
3006,1
3007,5
3008,8
3009,7
3010,6
3011,5
3012,9
3013,7
3014,9
3015,4
3016,3
3017,4
3018,5
3019,6
3020,0
3021,9
3022,6
3023,1
3024,9
3025,4
3026,6
3027,5
3028,8
3029,3
3030,0
3031,9
3032,5
3033,2
3034,2
3035,0
3036,9
3037,4
3038,4
3039,7
3040,9
3041,1
3042,6
3043,1
3044,1
3045,7
3046,5
3047,4
3048,0
3049,7
3050,2
3051,4
3052,0
3053,6
3054,3
3055,3
3056,4
3057,2
3058,3
3059,6
3060,1
3061,2
3062,4
3063,8
3064,0
3065,8
3066,3
3067,9
3068,7
3069,0
3070,7
3071,1
3072,1
3073,9
3074,1
3075,8
3076,9
3077,1
3078,4
3079,8
3080,6
3081,5
3082,0
3083,8
3084,7
3085,0
3086,3
3087,5
3088,6
3089,5
3090,9
3091,2
3092,2
3093,7
3094,4
3095,4
3096,6
3097,8
3098,0
3099,6
3100,3
3101,8
3102,7
3103,8
3104,8
3105,8
3106,1
3107,5
3108,6
3109,1
3110,4
3111,9
3112,0
3113,1
3114,4
3115,5
3116,5
3117,2
3118,3
3119,2
3120,6
3121,3
3122,4
3123,6
3124,5
3125,2
3126,3
3127,1
3128,4
3129,5
3130,2
3131,3
3132,3
3133,4
3134,5
3135,5
3136,9
3137,5
3138,7
3139,5
3140,2
3141,9
3142,9
3143,6
3144,9
3145,8
3146,3
3147,6
3148,3
3149,7
3150,7
3151,3
3152,4
3153,3
3154,0
3155,6
3156,7
3157,7
3158,9
3159,6
3160,7
3161,6
3162,1
3163,4
3164,2
3165,7
3166,8
3167,1
3168,2
3169,4
3170,3
3171,6
3172,4
3173,1
3174,9
3175,1
3176,2
3177,8
3178,8
3179,5
3180,9
3181,7
3182,0
3183,9
3184,5
3185,5
3186,2
3187,6
3188,2
3189,7
3190,8
3191,9
3192,6
3193,0
3194,1
3195,1
3196,4
3197,8
3198,6
3199,6
3200,9
3201,9
3202,6
3203,7
3204,7
3205,6
3206,8
3207,2
3208,7
3209,5
3210,7
3211,9
3212,3
3213,7
3214,2
3215,4
3216,9
3217,7
3218,4
3219,2
3220,4
3221,2
3222,8
3223,5
3224,2
3225,7
3226,3
3227,1
3228,5
3229,5
3230,2
3231,8
3232,9
3233,6
3234,2
3235,1
3236,7
3237,4
3238,8
3239,1
3240,4
3241,3
3242,7
3243,9
3244,2
3245,2
3246,7
3247,8
3248,7
3249,7
3250,4
3251,7
3252,8
3253,4
3254,9
3255,4
3256,3
3257,4
3258,2
3259,8
3260,0
3261,9
3262,4
3263,2
3264,3
3265,8
3266,4
3267,3
3268,2
3269,2
3270,2
3271,8
3272,9
3273,0
3274,5
3275,9
3276,5
3277,1
3278,9
3279,4
3280,1
3281,9
3282,9
3283,7
3284,7
3285,3
3286,5
3287,5
3288,9
3289,4
3290,1
3291,9
3292,8
3293,0
3294,9
3295,3
3296,2
3297,7
3298,0
3299,4
3300,9
3301,8
3302,7
3303,9
3304,2
3305,6
3306,8
3307,5
3308,3
3309,9
3310,8
3311,9
3312,7
3313,3
3314,1
3315,0
3316,1
3317,1
3318,1
3319,6
3320,0
3321,4
3322,9
3323,2
3324,4
3325,9
3326,5
3327,3
3328,4
3329,3
3330,3
3331,6
3332,4
3333,6
3334,9
3335,2
3336,7
3337,3
3338,0
3339,9
3340,7
3341,0
3342,4
3343,8
3344,4
3345,4
3346,1
3347,6
3348,0
3349,7
3350,4
3351,9
3352,3
3353,4
3354,6
3355,4
3356,6
3357,3
3358,0
3359,2
3360,3
3361,3
3362,5
3363,9
3364,1
3365,3
3366,4
3367,6
3368,7
3369,4
3370,9
3371,9
3372,3
3373,4
3374,9
3375,5
3376,6
3377,4
3378,3
3379,9
3380,2
3381,9
3382,2
3383,1
3384,0
3385,6
3386,1
3387,2
3388,8
3389,2
3390,6
3391,8
3392,5
3393,3
3394,1
3395,5
3396,4
3397,4
3398,7
3399,6
3400,3
3401,0
3402,1
3403,6
3404,0
3405,2
3406,4
3407,0
3408,2
3409,6
3410,8
3411,0
3412,8
3413,6
3414,4
3415,9
3416,0
3417,5
3418,9
3419,8
3420,6
3421,8
3422,9
3423,2
3424,9
3425,7
3426,4
3427,8
3428,1
3429,2
3430,2
3431,8
3432,7
3433,6
3434,7
3435,4
3436,0
3437,7
3438,6
3439,0
3440,2
3441,5
3442,6
3443,6
3444,5
3445,6
3446,2
3447,0
3448,6
3449,7
3450,1
3451,6
3452,7
3453,4
3454,6
3455,1
3456,8
3457,9
3458,0
3459,8
3460,8
3461,0
3462,2
3463,2
3464,3
3465,1
3466,3
3467,8
3468,4
3469,4
3470,3
3471,6
3472,4
3473,6
3474,9
3475,6
3476,2
3477,1
3478,1
3479,8
3480,9
3481,5
3482,3
3483,1
3484,5
3485,5
3486,0
3487,6
3488,1
3489,9
3490,6
3491,0
3492,7
3493,7
3494,0
3495,5
3496,5
3497,1
3498,4
3499,0
3500,2
3501,3
3502,9
3503,8
3504,1
3505,1
3506,9
3507,4
3508,3
3509,6
3510,5
3511,1
3512,4
3513,0
3514,1
3515,7
3516,2
3517,5
3518,3
3519,9
3520,3
3521,2
3522,4
3523,7
3524,9
3525,4
3526,7
3527,4
3528,4
3529,1
3530,6
3531,7
3532,0
3533,0
3534,2
3535,2
3536,8
3537,3
3538,3
3539,3
3540,8
3541,5
3542,3
3543,9
3544,6
3545,6
3546,6
3547,3
3548,1
3549,9
3550,4
3551,3
3552,1
3553,1
3554,9
3555,0
3556,9
3557,4
3558,1
3559,2
3560,8
3561,1
3562,6
3563,6
3564,2
3565,4
3566,9
3567,3
3568,9
3569,1
3570,8
3571,1
3572,2
3573,1
3574,1
3575,3
3576,4
3577,6
3578,7
3579,1
3580,9
3581,1
3582,7
3583,3
3584,8
3585,6
3586,7
3587,6
3588,8
3589,2
3590,4
3591,3
3592,0
3593,9
3594,1
3595,7
3596,3
3597,4
3598,0
3599,8
3600,0
3601,7
3602,7
3603,4
3604,7
3605,7
3606,9
3607,3
3608,3
3609,2
3610,1
3611,5
3612,7
3613,5
3614,7
3615,4
3616,5
3617,2
3618,8
3619,9
3620,3
3621,3
3622,1
3623,6
3624,4
3625,5
3626,4
3627,3
3628,7
3629,8
3630,1
3631,7
3632,2
3633,6
3634,8
3635,6
3636,6
3637,8
3638,9
3639,5
3640,2
3641,5
3642,1
3643,4
3644,4
3645,8
3646,9
3647,8
3648,2
3649,4
3650,2
3651,0
3652,7
3653,8
3654,1
3655,3
3656,9
3657,4
3658,3
3659,3
3660,6
3661,8
3662,7
3663,9
3664,6
3665,1
3666,2
3667,3
3668,9
3669,6
3670,9
3671,0
3672,1
3673,8
3674,9
3675,9
3676,3
3677,0
3678,4
3679,3
3680,9
3681,5
3682,0
3683,1
3684,0
3685,4
3686,7
3687,0
3688,6
3689,5
3690,0
3691,3
3692,4
3693,5
3694,3
3695,6
3696,3
3697,6
3698,9
3699,2
3700,0
3701,7
3702,3
3703,5
3704,7
3705,7
3706,6
3707,4
3708,0
3709,6
3710,4
3711,0
3712,1
3713,4
3714,3
3715,4
3716,3
3717,5
3718,1
3719,2
3720,6
3721,1
3722,0
3723,1
3724,7
3725,2
3726,6
3727,1
3728,9
3729,3
3730,6
3731,2
3732,1
3733,9
3734,9
3735,6
3736,5
3737,6
3738,8
3739,8
3740,5
3741,1
3742,8
3743,7
3744,0
3745,4
3746,4
3747,5
3748,9
3749,9
3750,1
3751,0
3752,3
3753,2
3754,7
3755,0
3756,5
3757,3
3758,9
3759,8
3760,6
3761,8
3762,3
3763,2
3764,6
3765,2
3766,5
3767,6
3768,7
3769,1
3770,1
3771,4
3772,5
3773,1
3774,5
3775,3
3776,0
3777,0
3778,4
3779,4
3780,9
3781,7
3782,5
3783,4
3784,8
3785,3
3786,2
3787,8
3788,9
3789,9
3790,6
3791,2
3792,8
3793,0
3794,5
3795,0
3796,8
3797,4
3798,9
3799,5
3800,0
3801,5
3802,3
3803,5
3804,8
3805,0
3806,1
3807,9
3808,6
3809,0
3810,9
3811,1
3812,5
3813,6
3814,6
3815,1
3816,3
3817,0
3818,8
3819,2
3820,7
3821,0
3822,4
3823,5
3824,1
3825,7
3826,6
3827,3
3828,4
3829,5
3830,3
3831,5
3832,5
3833,3
3834,8
3835,1
3836,0
3837,3
3838,2
3839,3
3840,1
3841,1
3842,9
3843,9
3844,2
3845,5
3846,1
3847,8
3848,0
3849,5
3850,8
3851,9
3852,3
3853,6
3854,0
3855,1
3856,3
3857,4
3858,6
3859,6
3860,7
3861,6
3862,1
3863,6
3864,7
3865,9
3866,5
3867,0
3868,0
3869,6
3870,7
3871,0
3872,0
3873,7
3874,7
3875,5
3876,2
3877,5
3878,5
3879,2
3880,2
3881,4
3882,2
3883,3
3884,1
3885,8
3886,6
3887,5
3888,2
3889,3
3890,5
3891,6
3892,0
3893,7
3894,9
3895,8
3896,2
3897,7
3898,9
3899,7
3900,0
3901,9
3902,5
3903,5
3904,1
3905,3
3906,5
3907,0
3908,9
3909,5
3910,6
3911,6
3912,2
3913,9
3914,7
3915,5
3916,6
3917,3
3918,4
3919,8
3920,7
3921,7
3922,1
3923,5
3924,5
3925,7
3926,9
3927,7
3928,4
3929,2
3930,4
3931,3
3932,0
3933,5
3934,8
3935,6
3936,3
3937,9
3938,2
3939,5
3940,5
3941,4
3942,9
3943,5
3944,1
3945,9
3946,6
3947,9
3948,6
3949,5
3950,3
3951,4
3952,9
3953,6
3954,7
3955,5
3956,9
3957,2
3958,7
3959,4
3960,8
3961,4
3962,2
3963,6
3964,2
3965,6
3966,9
3967,5
3968,0
3969,5
3970,5
3971,8
3972,6
3973,2
3974,2
3975,0
3976,2
3977,1
3978,6
3979,4
3980,8
3981,0
3982,9
3983,3
3984,1
3985,6
3986,8
3987,7
3988,9
3989,4
3990,1
3991,2
3992,7
3993,9
3994,1
3995,2
3996,6
3997,8
3998,2
3999,2
4000,5
4001,0
4002,8
4003,4
4004,8
4005,4
4006,6
4007,8
4008,1
4009,8
4010,2
4011,7
4012,7
4013,0
4014,0
4015,8
4016,2
4017,8
4018,4
4019,4
4020,3
4021,8
4022,6
4023,1
4024,2
4025,8
4026,0
4027,2
4028,8
4029,2
4030,8
4031,8
4032,3
4033,2
4034,9
4035,6
4036,8
4037,4
4038,5
4039,3
4040,6
4041,9
4042,2
4043,8
4044,2
4045,8
4046,2
4047,4
4048,1
4049,4
4050,9
4051,1
4052,8
4053,4
4054,6
4055,6
4056,6
4057,4
4058,1
4059,2
4060,6
4061,4
4062,4
4063,5
4064,8
4065,6
4066,0
4067,4
4068,5
4069,2
4070,7
4071,4
4072,1
4073,8
4074,4
4075,9
4076,5
4077,9
4078,7
4079,9
4080,4
4081,8
4082,3
4083,8
4084,7
4085,7
4086,5
4087,8
4088,5
4089,5
4090,5
4091,1
4092,5
4093,3
4094,6
4095,1
4096,0
4097,8
4098,3
4099,2
4100,6
4101,9
4102,5
4103,4
4104,7
4105,6
4106,1
4107,0
4108,3
4109,8
4110,9
4111,7
4112,1
4113,5
4114,5
4115,0
4116,6
4117,1
4118,5
4119,2
4120,8
4121,4
4122,8
4123,4
4124,9
4125,8
4126,0
4127,7
4128,5
4129,7
4130,6
4131,8
4132,9
4133,4
4134,9
4135,5
4136,0
4137,2
4138,4
4139,5
4140,3
4141,7
4142,1
4143,1
4144,4
4145,7
4146,5
4147,0
4148,9
4149,8
4150,1
4151,2
4152,4
4153,0
4154,4
4155,8
4156,8
4157,3
4158,8
4159,1
4160,0
4161,9
4162,3
4163,1
4164,8
4165,9
4166,3
4167,2
4168,4
4169,4
4170,9
4171,2
4172,7
4173,8
4174,5
4175,1
4176,1
4177,5
4178,5
4179,0
4180,2
4181,2
4182,5
4183,2
4184,7
4185,4
4186,6
4187,6
4188,2
4189,5
4190,3
4191,0
4192,9
4193,4
4194,7
4195,7
4196,8
4197,5
4198,7
4199,5
4200,2
4201,6
4202,0
4203,6
4204,2
4205,2
4206,8
4207,8
4208,4
4209,4
4210,7
4211,4
4212,6
4213,0
4214,6
4215,1
4216,7
4217,3
4218,4
4219,7
4220,1
4221,5
4222,7
4223,5
4224,9
4225,9
4226,1
4227,0
4228,1
4229,1
4230,9
4231,6
4232,9
4233,0
4234,7
4235,8
4236,4
4237,7
4238,0
4239,3
4240,3
4241,7
4242,2
4243,0
4244,6
4245,0
4246,8
4247,9
4248,4
4249,6
4250,4
4251,2
4252,2
4253,1
4254,5
4255,4
4256,4
4257,0
4258,6
4259,2
4260,3
4261,2
4262,5
4263,9
4264,4
4265,8
4266,8
4267,4
4268,9
4269,5
4270,7
4271,4
4272,7
4273,7
4274,4
4275,5
4276,7
4277,7
4278,5
4279,9
4280,3
4281,3
4282,0
4283,8
4284,9
4285,5
4286,4
4287,8
4288,2
4289,8
4290,8
4291,1
4292,3
4293,1
4294,6
4295,7
4296,3
4297,1
4298,8
4299,1
4300,3
4301,2
4302,7
4303,8
4304,9
4305,0
4306,4
4307,0
4308,4
4309,9
4310,2
4311,3
4312,6
4313,7
4314,1
4315,8
4316,7
4317,4
4318,7
4319,8
4320,2
4321,8
4322,7
4323,0
4324,3
4325,8
4326,0
4327,9
4328,6
4329,5
4330,9
4331,1
4332,7
4333,6
4334,4
4335,2
4336,2
4337,2
4338,7
4339,5
4340,1
4341,7
4342,4
4343,5
4344,6
4345,9
4346,3
4347,4
4348,9
4349,8
4350,9
4351,5
4352,5
4353,2
4354,0
4355,4
4356,0
4357,9
4358,9
4359,4
4360,8
4361,9
4362,9
4363,9
4364,9
4365,7
4366,5
4367,9
4368,0
4369,3
4370,1
4371,0
4372,8
4373,8
4374,5
4375,5
4376,2
4377,7
4378,8
4379,4
4380,4
4381,0
4382,1
4383,6
4384,1
4385,6
4386,2
4387,0
4388,8
4389,4
4390,5
4391,6
4392,0
4393,6
4394,7
4395,2
4396,1
4397,4
4398,8
4399,2
4400,2
4401,2
4402,4
4403,9
4404,2
4405,7
4406,9
4407,2
4408,1
4409,8
4410,1
4411,8
4412,0
4413,5
4414,5
4415,7
4416,2
4417,4
4418,3
4419,1
4420,6
4421,3
4422,0
4423,4
4424,5
4425,6
4426,6
4427,4
4428,3
4429,9
4430,6
4431,1
4432,7
4433,9
4434,0
4435,1
4436,6
4437,6
4438,2
4439,6
4440,8
4441,0
4442,5
4443,2
4444,7
4445,2
4446,9
4447,6
4448,1
4449,7
4450,1
4451,4
4452,0
4453,0
4454,2
4455,2
4456,5
4457,7
4458,1
4459,2
4460,1
4461,5
4462,1
4463,3
4464,8
4465,9
4466,2
4467,8
4468,3
4469,8
4470,2
4471,8
4472,0
4473,0
4474,0
4475,4
4476,6
4477,4
4478,7
4479,1
4480,9
4481,2
4482,4
4483,8
4484,1
4485,5
4486,0
4487,7
4488,2
4489,4
4490,4
4491,3
4492,1
4493,6
4494,7
4495,2
4496,4
4497,3
4498,1
4499,4
4500,8
4501,5
4502,7
4503,4
4504,5
4505,8
4506,5
4507,8
4508,1
4509,4
4510,2
4511,9
4512,6
4513,4
4514,3
4515,3
4516,5
4517,1
4518,7
4519,2
4520,2
4521,4
4522,8
4523,3
4524,3
4525,1
4526,5
4527,7
4528,8
4529,4
4530,5
4531,0
4532,6
4533,4
4534,9
4535,6
4536,6
4537,2
4538,7
4539,0
4540,0
4541,6
4542,6
4543,9
4544,9
4545,0
4546,7
4547,4
4548,3
4549,3
4550,9
4551,0
4552,4
4553,3
4554,4
4555,3
4556,1
4557,4
4558,5
4559,9
4560,0
4561,7
4562,1
4563,2
4564,7
4565,2
4566,6
4567,0
4568,2
4569,7
4570,9
4571,0
4572,1
4573,5
4574,9
4575,7
4576,3
4577,3
4578,1
4579,2
4580,7
4581,8
4582,4
4583,4
4584,7
4585,1
4586,1
4587,2
4588,1
4589,6
4590,3
4591,5
4592,1
4593,9
4594,0
4595,3
4596,4
4597,8
4598,8
4599,2
4600,9
4601,4
4602,5
4603,1
4604,9
4605,9
4606,0
4607,5
4608,7
4609,3
4610,8
4611,6
4612,4
4613,5
4614,6
4615,5
4616,4
4617,7
4618,5
4619,1
4620,6
4621,6
4622,6
4623,3
4624,1
4625,4
4626,9
4627,7
4628,1
4629,1
4630,4
4631,4
4632,2
4633,0
4634,7
4635,3
4636,7
4637,5
4638,5
4639,5
4640,8
4641,5
4642,6
4643,9
4644,2
4645,3
4646,0
4647,4
4648,5
4649,5
4650,6
4651,3
4652,0
4653,4
4654,4
4655,5
4656,4
4657,2
4658,5
4659,3
4660,1
4661,1
4662,4
4663,3
4664,5
4665,2
4666,0
4667,4
4668,5
4669,6
4670,3
4671,1
4672,3
4673,2
4674,8
4675,0
4676,2
4677,6
4678,1
4679,6
4680,9
4681,0
4682,2
4683,7
4684,1
4685,3
4686,3
4687,7
4688,1
4689,8
4690,9
4691,6
4692,0
4693,7
4694,6
4695,4
4696,8
4697,1
4698,4
4699,8
4700,6
4701,3
4702,5
4703,0
4704,9
4705,1
4706,9
4707,9
4708,1
4709,4
4710,4
4711,0
4712,5
4713,4
4714,3
4715,5
4716,0
4717,1
4718,3
4719,0
4720,1
4721,4
4722,8
4723,6
4724,4
4725,2
4726,2
4727,2
4728,3
4729,6
4730,7
4731,4
4732,3
4733,4
4734,6
4735,4
4736,5
4737,9
4738,8
4739,9
4740,2
4741,9
4742,4
4743,8
4744,1
4745,3
4746,1
4747,6
4748,8
4749,4
4750,3
4751,3
4752,4
4753,4
4754,1
4755,0
4756,0
4757,5
4758,8
4759,9
4760,5
4761,4
4762,7
4763,8
4764,6
4765,5
4766,6
4767,2
4768,1
4769,8
4770,9
4771,0
4772,7
4773,2
4774,7
4775,3
4776,4
4777,7
4778,2
4779,6
4780,0
4781,3
4782,1
4783,5
4784,7
4785,2
4786,3
4787,2
4788,8
4789,9
4790,0
4791,0
4792,5
4793,2
4794,0
4795,7
4796,3
4797,4
4798,4
4799,0
4800,3
4801,9
4802,4
4803,6
4804,0
4805,6
4806,6
4807,7
4808,0
4809,1
4810,8
4811,2
4812,9
4813,3
4814,5
4815,2
4816,0
4817,0
4818,1
4819,1
4820,1
4821,8
4822,2
4823,0
4824,7
4825,6
4826,8
4827,7
4828,2
4829,6
4830,0
4831,6
4832,4
4833,3
4834,8
4835,8
4836,9
4837,2
4838,9
4839,4
4840,5
4841,6
4842,0
4843,7
4844,5
4845,1
4846,0
4847,1
4848,0
4849,6
4850,2
4851,8
4852,0
4853,8
4854,2
4855,8
4856,6
4857,1
4858,2
4859,7
4860,4
4861,5
4862,3
4863,5
4864,4
4865,1
4866,3
4867,3
4868,8
4869,3
4870,3
4871,9
4872,7
4873,5
4874,6
4875,9
4876,6
4877,4
4878,8
4879,7
4880,4
4881,1
4882,4
4883,6
4884,1
4885,7
4886,9
4887,2
4888,4
4889,2
4890,0
4891,1
4892,1
4893,6
4894,1
4895,7
4896,9
4897,5
4898,9
4899,7
4900,7
4901,2
4902,5
4903,7
4904,9
4905,1
4906,3
4907,3
4908,8
4909,7
4910,0
4911,6
4912,3
4913,6
4914,4
4915,9
4916,5
4917,2
4918,4
4919,5
4920,6
4921,2
4922,1
4923,9
4924,3
4925,6
4926,3
4927,9
4928,9
4929,3
4930,3
4931,5
4932,5
4933,6
4934,5
4935,0
4936,6
4937,7
4938,7
4939,2
4940,4
4941,9
4942,9
4943,3
4944,2
4945,5
4946,6
4947,6
4948,8
4949,6
4950,5
4951,3
4952,1
4953,9
4954,6
4955,7
4956,1
4957,8
4958,9
4959,6
4960,1
4961,3
4962,2
4963,9
4964,1
4965,4
4966,4
4967,0
4968,6
4969,2
4970,7
4971,6
4972,9
4973,1
4974,0
4975,7
4976,2
4977,3
4978,5
4979,1
4980,0
4981,3
4982,7
4983,6
4984,2
4985,3
4986,4
4987,0
4988,8
4989,6
4990,0
4991,7
4992,7
4993,5
4994,7
4995,5
4996,8
4997,0
4998,2
4999,1
5000,4
5001,1
5002,9
5003,7
5004,3
5005,4
5006,3
5007,8
5008,3
5009,7
5010,8
5011,1
5012,9
5013,0
5014,1
5015,1
5016,9
5017,4
5018,4
5019,6
5020,5
5021,3
5022,8
5023,5
5024,5
5025,2
5026,4
5027,1
5028,1
5029,6
5030,6
5031,3
5032,6
5033,8
5034,4
5035,1
5036,8
5037,2
5038,7
5039,8
5040,1
5041,9
5042,4
5043,9
5044,8
5045,7
5046,9
5047,9
5048,2
5049,4
5050,6
5051,8
5052,0
5053,0
5054,6
5055,5
5056,3
5057,7
5058,6
5059,4
5060,8
5061,7
5062,9
5063,2
5064,3
5065,1
5066,8
5067,7
5068,1
5069,2
5070,9
5071,3
5072,3
5073,1
5074,4
5075,7
5076,6
5077,7
5078,0
5079,5
5080,5
5081,4
5082,6
5083,5
5084,1
5085,9
5086,9
5087,8
5088,9
5089,1
5090,0
5091,8
5092,9
5093,8
5094,5
5095,8
5096,4
5097,8
5098,4
5099,7
5100,6
5101,7
5102,3
5103,8
5104,4
5105,6
5106,3
5107,0
5108,9
5109,5
5110,2
5111,0
5112,0
5113,9
5114,8
5115,8
5116,8
5117,1
5118,8
5119,5
5120,5
5121,2
5122,1
5123,9
5124,7
5125,6
5126,8
5127,1
5128,9
5129,6
5130,9
5131,0
5132,0
5133,8
5134,1
5135,5
5136,5
5137,6
5138,4
5139,2
5140,4
5141,5
5142,9
5143,4
5144,7
5145,1
5146,0
5147,8
5148,9
5149,8
5150,7
5151,6
5152,8
5153,4
5154,0
5155,0
5156,0
5157,0
5158,2
5159,3
5160,4
5161,4
5162,8
5163,2
5164,9
5165,1
5166,6
5167,6
5168,1
5169,0
5170,8
5171,1
5172,2
5173,9
5174,5
5175,4
5176,9
5177,3
5178,3
5179,4
5180,5
5181,1
5182,8
5183,3
5184,9
5185,7
5186,3
5187,7
5188,9
5189,9
5190,5
5191,1
5192,6
5193,5
5194,8
5195,5
5196,6
5197,9
5198,3
5199,5
5200,7
5201,4
5202,1
5203,2
5204,0
5205,3
5206,9
5207,1
5208,7
5209,8
5210,9
5211,6
5212,8
5213,1
5214,9
5215,4
5216,3
5217,5
5218,6
5219,6
5220,0
5221,4
5222,7
5223,0
5224,7
5225,5
5226,3
5227,0
5228,9
5229,7
5230,4
5231,3
5232,9
5233,1
5234,4
5235,5
5236,6
5237,5
5238,8
5239,6
5240,3
5241,7
5242,6
5243,5
5244,4
5245,3
5246,1
5247,5
5248,2
5249,5
5250,6
5251,7
5252,8
5253,5
5254,7
5255,8
5256,4
5257,0
5258,3
5259,5
5260,2
5261,7
5262,0
5263,6
5264,9
5265,9
5266,9
5267,7
5268,2
5269,7
5270,2
5271,4
5272,8
5273,1
5274,1
5275,2
5276,1
5277,7
5278,7
5279,8
5280,1
5281,7
5282,8
5283,6
5284,5
5285,6
5286,0
5287,0
5288,9
5289,2
5290,1
5291,6
5292,8
5293,4
5294,4
5295,6
5296,0
5297,6
5298,5
5299,2
5300,2
5301,3
5302,7
5303,5
5304,3
5305,9
5306,6
5307,0
5308,1
5309,8
5310,9
5311,2
5312,0
5313,5
5314,5
5315,5
5316,8
5317,3
5318,1
5319,7
5320,1
5321,6
5322,6
5323,6
5324,5
5325,8
5326,0
5327,0
5328,3
5329,3
5330,3
5331,4
5332,0
5333,8
5334,8
5335,3
5336,8
5337,6
5338,1
5339,3
5340,2
5341,1
5342,2
5343,5
5344,2
5345,2
5346,1
5347,7
5348,5
5349,8
5350,8
5351,7
5352,0
5353,9
5354,7
5355,3
5356,2
5357,1
5358,4
5359,3
5360,6
5361,2
5362,6
5363,5
5364,1
5365,2
5366,6
5367,9
5368,8
5369,9
5370,4
5371,6
5372,5
5373,8
5374,9
5375,3
5376,0
5377,9
5378,8
5379,1
5380,5
5381,0
5382,3
5383,9
5384,7
5385,9
5386,3
5387,8
5388,0
5389,0
5390,3
5391,5
5392,0
5393,7
5394,2
5395,6
5396,0
5397,0
5398,4
5399,8
5400,3
5401,5
5402,2
5403,4
5404,2
5405,9
5406,6
5407,5
5408,7
5409,1
5410,0
5411,1
5412,8
5413,6
5414,4
5415,0
5416,7
5417,7
5418,0
5419,9
5420,7
5421,6
5422,2
5423,3
5424,1
5425,4
5426,8
5427,6
5428,2
5429,6
5430,4
5431,0
5432,0
5433,4
5434,4
5435,5
5436,7
5437,3
5438,3
5439,9
5440,9
5441,7
5442,8
5443,9
5444,3
5445,7
5446,1
5447,8
5448,7
5449,4
5450,9
5451,2
5452,6
5453,3
5454,6
5455,4
5456,0
5457,7
5458,3
5459,5
5460,8
5461,8
5462,1
5463,7
5464,1
5465,1
5466,5
5467,9
5468,8
5469,7
5470,6
5471,4
5472,4
5473,4
5474,3
5475,5
5476,3
5477,6
5478,0
5479,7
5480,0
5481,9
5482,7
5483,0
5484,7
5485,6
5486,8
5487,3
5488,4
5489,7
5490,1
5491,0
5492,4
5493,9
5494,3
5495,2
5496,7
5497,9
5498,1
5499,4
5500,6
5501,4
5502,9
5503,3
5504,1
5505,9
5506,5
5507,8
5508,3
5509,4
5510,8
5511,1
5512,6
5513,2
5514,7
5515,2
5516,0
5517,5
5518,1
5519,0
5520,6
5521,2
5522,8
5523,8
5524,6
5525,0
5526,6
5527,3
5528,2
5529,0
5530,5
5531,1
5532,8
5533,5
5534,5
5535,5
5536,1
5537,9
5538,1
5539,2
5540,7
5541,8
5542,0
5543,7
5544,7
5545,6
5546,0
5547,5
5548,8
5549,8
5550,4
5551,8
5552,9
5553,3
5554,8
5555,2
5556,3
5557,9
5558,2
5559,8
5560,5
5561,1
5562,6
5563,4
5564,1
5565,1
5566,7
5567,7
5568,7
5569,2
5570,9
5571,2
5572,1
5573,8
5574,8
5575,7
5576,1
5577,4
5578,7
5579,3
5580,6
5581,3
5582,9
5583,0
5584,8
5585,7
5586,6
5587,2
5588,7
5589,9
5590,4
5591,2
5592,3
5593,5
5594,4
5595,9
5596,5
5597,7
5598,9
5599,0
5600,6
5601,1
5602,8
5603,9
5604,8
5605,2
5606,4
5607,7
5608,4
5609,4
5610,0
5611,6
5612,2
5613,5
5614,1
5615,7
5616,7
5617,5
5618,1
5619,7
5620,2
5621,5
5622,0
5623,3
5624,4
5625,7
5626,5
5627,0
5628,6
5629,2
5630,5
5631,6
5632,0
5633,6
5634,0
5635,3
5636,0
5637,4
5638,3
5639,0
5640,6
5641,8
5642,1
5643,3
5644,6
5645,3
5646,2
5647,8
5648,2
5649,4
5650,3
5651,1
5652,6
5653,9
5654,3
5655,8
5656,0
5657,8
5658,4
5659,9
5660,5
5661,8
5662,9
5663,4
5664,2
5665,1
5666,9
5667,3
5668,3
5669,7
5670,1
5671,4
5672,4
5673,8
5674,9
5675,4
5676,4
5677,5
5678,5
5679,6
5680,2
5681,9
5682,3
5683,1
5684,8
5685,1
5686,1
5687,9
5688,9
5689,6
5690,9
5691,4
5692,9
5693,7
5694,4
5695,7
5696,6
5697,9
5698,5
5699,3
5700,5
5701,9
5702,0
5703,7
5704,5
5705,8
5706,5
5707,7
5708,8
5709,0
5710,5
5711,1
5712,2
5713,4
5714,9
5715,2
5716,5
5717,4
5718,3
5719,4
5720,3
5721,9
5722,0
5723,8
5724,2
5725,3
5726,3
5727,5
5728,2
5729,9
5730,9
5731,8
5732,4
5733,7
5734,6
5735,1
5736,2
5737,6
5738,7
5739,1
5740,5
5741,5
5742,6
5743,2
5744,9
5745,2
5746,1
5747,5
5748,7
5749,7
5750,9
5751,7
5752,9
5753,5
5754,9
5755,9
5756,0
5757,7
5758,2
5759,3
5760,8
5761,6
5762,5
5763,0
5764,3
5765,6
5766,1
5767,7
5768,3
5769,0
5770,1
5771,3
5772,8
5773,5
5774,5
5775,2
5776,7
5777,4
5778,7
5779,3
5780,7
5781,9
5782,6
5783,0
5784,1
5785,3
5786,2
5787,6
5788,3
5789,3
5790,2
5791,1
5792,2
5793,7
5794,3
5795,9
5796,9
5797,8
5798,4
5799,2
5800,0
5801,4
5802,4
5803,4
5804,2
5805,7
5806,9
5807,2
5808,8
5809,5
5810,8
5811,5
5812,3
5813,5
5814,0
5815,6
5816,4
5817,8
5818,9
5819,0
5820,2
5821,7
5822,7
5823,4
5824,9
5825,1
5826,4
5827,1
5828,0
5829,4
5830,9
5831,9
5832,2
5833,9
5834,5
5835,8
5836,0
5837,8
5838,8
5839,8
5840,0
5841,5
5842,1
5843,9
5844,1
5845,9
5846,6
5847,6
5848,1
5849,4
5850,4
5851,9
5852,9
5853,6
5854,6
5855,1
5856,2
5857,5
5858,3
5859,9
5860,0
5861,5
5862,4
5863,9
5864,5
5865,0
5866,3
5867,6
5868,9
5869,5
5870,0
5871,8
5872,8
5873,8
5874,6
5875,8
5876,5
5877,8
5878,6
5879,1
5880,3
5881,9
5882,3
5883,6
5884,9
5885,1
5886,3
5887,2
5888,0
5889,7
5890,0
5891,0
5892,5
5893,8
5894,7
5895,6
5896,5
5897,3
5898,1
5899,2
5900,5
5901,0
5902,3
5903,7
5904,1
5905,0
5906,2
5907,4
5908,3
5909,4
5910,0
5911,0
5912,8
5913,8
5914,4
5915,6
5916,2
5917,0
5918,7
5919,6
5920,5
5921,3
5922,1
5923,8
5924,2
5925,6
5926,2
5927,6
5928,7
5929,5
5930,5
5931,7
5932,5
5933,3
5934,4
5935,8
5936,1
5937,0
5938,5
5939,6
5940,8
5941,6
5942,3
5943,1
5944,2
5945,4
5946,4
5947,2
5948,6
5949,8
5950,5
5951,6
5952,3
5953,6
5954,0
5955,7
5956,3
5957,6
5958,3
5959,9
5960,6
5961,5
5962,4
5963,0
5964,2
5965,8
5966,0
5967,5
5968,9
5969,5
5970,6
5971,8
5972,8
5973,8
5974,7
5975,0
5976,7
5977,6
5978,8
5979,3
5980,0
5981,2
5982,4
5983,1
5984,5
5985,6
5986,8
5987,4
5988,6
5989,4
5990,9
5991,5
5992,1
5993,3
5994,2
5995,6
5996,4
5997,4
5998,4
5999,0
6000,6
6001,7
6002,2
6003,3
6004,2
6005,8
6006,2
6007,1
6008,9
6009,2
6010,9
6011,5
6012,5
6013,2
6014,6
6015,8
6016,0
6017,7
6018,8
6019,2
6020,8
6021,3
6022,1
6023,3
6024,6
6025,4
6026,8
6027,5
6028,6
6029,1
6030,8
6031,4
6032,5
6033,5
6034,2
6035,1
6036,0
6037,8
6038,0
6039,3
6040,6
6041,2
6042,9
6043,2
6044,8
6045,8
6046,4
6047,4
6048,6
6049,2
6050,1
6051,5
6052,1
6053,5
6054,0
6055,4
6056,2
6057,4
6058,7
6059,0
6060,4
6061,2
6062,7
6063,4
6064,2
6065,5
6066,8
6067,0
6068,8
6069,9
6070,4
6071,4
6072,4
6073,3
6074,3
6075,5
6076,9
6077,4
6078,0
6079,1
6080,7
6081,5
6082,5
6083,0
6084,2
6085,4
6086,0
6087,7
6088,9
6089,0
6090,3
6091,4
6092,5
6093,1
6094,4
6095,7
6096,3
6097,6
6098,4
6099,7
6100,1
6101,9
6102,6
6103,8
6104,5
6105,7
6106,1
6107,5
6108,4
6109,8
6110,5
6111,8
6112,7
6113,6
6114,5
6115,4
6116,6
6117,5
6118,1
6119,4
6120,7
6121,3
6122,8
6123,1
6124,2
6125,6
6126,5
6127,7
6128,5
6129,2
6130,4
6131,2
6132,5
6133,7
6134,6
6135,2
6136,0
6137,0
6138,7
6139,2
6140,2
6141,2
6142,8
6143,7
6144,2
6145,9
6146,0
6147,1
6148,8
6149,0
6150,7
6151,5
6152,1
6153,3
6154,3
6155,7
6156,7
6157,8
6158,2
6159,3
6160,1
6161,6
6162,0
6163,8
6164,2
6165,5
6166,0
6167,0
6168,8
6169,4
6170,1
6171,1
6172,4
6173,5
6174,0
6175,8
6176,9
6177,8
6178,3
6179,6
6180,7
6181,3
6182,0
6183,8
6184,9
6185,4
6186,0
6187,1
6188,7
6189,3
6190,9
6191,3
6192,5
6193,5
6194,0
6195,2
6196,8
6197,7
6198,9
6199,5
6200,3
6201,6
6202,3
6203,7
6204,3
6205,9
6206,2
6207,3
6208,4
6209,6
6210,7
6211,2
6212,8
6213,8
6214,7
6215,1
6216,0
6217,2
6218,9
6219,0
6220,9
6221,3
6222,9
6223,3
6224,8
6225,4
6226,7
6227,6
6228,0
6229,2
6230,7
6231,0
6232,8
6233,4
6234,8
6235,4
6236,4
6237,1
6238,5
6239,2
6240,8
6241,4
6242,2
6243,0
6244,4
6245,5
6246,8
6247,7
6248,6
6249,2
6250,6
6251,9
6252,5
6253,8
6254,0
6255,6
6256,5
6257,8
6258,1
6259,6
6260,5
6261,7
6262,4
6263,3
6264,5
6265,5
6266,4
6267,2
6268,1
6269,4
6270,1
6271,2
6272,2
6273,7
6274,3
6275,5
6276,7
6277,6
6278,7
6279,8
6280,4
6281,2
6282,7
6283,8
6284,5
6285,5
6286,9
6287,1
6288,7
6289,5
6290,4
6291,7
6292,6
6293,3
6294,8
6295,0
6296,3
6297,5
6298,5
6299,1
6300,5
6301,5
6302,0
6303,9
6304,6
6305,8
6306,3
6307,8
6308,1
6309,9
6310,8
6311,9
6312,6
6313,3
6314,9
6315,9
6316,7
6317,1
6318,1
6319,6
6320,7
6321,7
6322,0
6323,0
6324,0
6325,4
6326,0
6327,3
6328,5
6329,5
6330,5
6331,8
6332,9
6333,2
6334,6
6335,0
6336,0
6337,9
6338,5
6339,7
6340,2
6341,6
6342,5
6343,3
6344,7
6345,6
6346,1
6347,4
6348,6
6349,3
6350,2
6351,9
6352,4
6353,5
6354,0
6355,6
6356,2
6357,6
6358,8
6359,5
6360,7
6361,6
6362,7
6363,8
6364,3
6365,5
6366,5
6367,5
6368,1
6369,5
6370,2
6371,5
6372,1
6373,3
6374,3
6375,7
6376,6
6377,7
6378,3
6379,7
6380,0
6381,6
6382,9
6383,5
6384,5
6385,8
6386,5
6387,8
6388,6
6389,2
6390,6
6391,4
6392,2
6393,1
6394,2
6395,5
6396,0
6397,9
6398,4
6399,1
6400,6
6401,4
6402,8
6403,4
6404,1
6405,1
6406,2
6407,4
6408,3
6409,7
6410,8
6411,5
6412,7
6413,2
6414,6
6415,6
6416,0
6417,3
6418,7
6419,8
6420,8
6421,8
6422,6
6423,5
6424,1
6425,9
6426,9
6427,7
6428,0
6429,6
6430,5
6431,8
6432,8
6433,7
6434,8
6435,5
6436,6
6437,5
6438,5
6439,1
6440,6
6441,1
6442,3
6443,2
6444,4
6445,7
6446,9
6447,9
6448,8
6449,9
6450,4
6451,2
6452,3
6453,4
6454,9
6455,7
6456,7
6457,9
6458,6
6459,9
6460,8
6461,0
6462,5
6463,4
6464,1
6465,3
6466,9
6467,1
6468,8
6469,8
6470,8
6471,8
6472,8
6473,5
6474,1
6475,6
6476,5
6477,0
6478,7
6479,9
6480,6
6481,7
6482,4
6483,6
6484,2
6485,9
6486,2
6487,0
6488,6
6489,7
6490,6
6491,4
6492,7
6493,8
6494,3
6495,5
6496,4
6497,4
6498,8
6499,2
6500,7
6501,2
6502,3
6503,3
6504,3
6505,9
6506,0
6507,4
6508,6
6509,1
6510,6
6511,3
6512,8
6513,3
6514,4
6515,3
6516,2
6517,0
6518,9
6519,0
6520,9
6521,2
6522,1
6523,1
6524,7
6525,5
6526,2
6527,4
6528,8
6529,4
6530,0
6531,4
6532,6
6533,6
6534,4
6535,9
6536,1
6537,9
6538,9
6539,1
6540,3
6541,6
6542,2
6543,1
6544,3
6545,3
6546,0
6547,7
6548,0
6549,5
6550,4
6551,6
6552,9
6553,7
6554,5
6555,1
6556,8
6557,5
6558,7
6559,3
6560,9
6561,7
6562,5
6563,2
6564,4
6565,9
6566,8
6567,3
6568,2
6569,7
6570,2
6571,0
6572,6
6573,9
6574,3
6575,5
6576,4
6577,2
6578,2
6579,6
6580,1
6581,3
6582,2
6583,1
6584,9
6585,0
6586,4
6587,1
6588,5
6589,2
6590,1
6591,9
6592,4
6593,4
6594,8
6595,8
6596,5
6597,4
6598,8
6599,3
6600,3
6601,4
6602,7
6603,5
6604,3
6605,1
6606,4
6607,4
6608,0
6609,2
6610,3
6611,4
6612,6
6613,3
6614,3
6615,5
6616,3
6617,8
6618,0
6619,5
6620,5
6621,3
6622,3
6623,2
6624,3
6625,8
6626,6
6627,5
6628,1
6629,6
6630,0
6631,7
6632,9
6633,4
6634,4
6635,6
6636,0
6637,6
6638,2
6639,1
6640,4
6641,8
6642,4
6643,6
6644,0
6645,9
6646,0
6647,1
6648,6
6649,5
6650,4
6651,6
6652,1
6653,5
6654,1
6655,7
6656,8
6657,4
6658,3
6659,2
6660,2
6661,6
6662,8
6663,6
6664,6
6665,0
6666,7
6667,4
6668,6
6669,6
6670,9
6671,0
6672,1
6673,2
6674,0
6675,1
6676,1
6677,3
6678,5
6679,2
6680,0
6681,3
6682,2
6683,9
6684,3
6685,4
6686,5
6687,9
6688,5
6689,0
6690,7
6691,6
6692,1
6693,0
6694,7
6695,5
6696,9
6697,6
6698,4
6699,4
6700,0
6701,3
6702,1
6703,8
6704,5
6705,1
6706,6
6707,0
6708,0
6709,0
6710,8
6711,6
6712,4
6713,8
6714,8
6715,4
6716,3
6717,6
6718,5
6719,7
6720,5
6721,8
6722,1
6723,4
6724,5
6725,3
6726,2
6727,7
6728,2
6729,6
6730,0
6731,8
6732,9
6733,6
6734,0
6735,8
6736,4
6737,1
6738,1
6739,4
6740,3
6741,3
6742,8
6743,2
6744,8
6745,0
6746,3
6747,5
6748,4
6749,8
6750,5
6751,9
6752,8
6753,7
6754,8
6755,0
6756,4
6757,1
6758,6
6759,1
6760,8
6761,4
6762,8
6763,9
6764,6
6765,9
6766,9
6767,6
6768,4
6769,9
6770,4
6771,4
6772,9
6773,3
6774,2
6775,2
6776,1
6777,0
6778,1
6779,2
6780,5
6781,7
6782,4
6783,5
6784,1
6785,6
6786,9
6787,2
6788,1
6789,7
6790,5
6791,8
6792,1
6793,8
6794,6
6795,9
6796,9
6797,0
6798,4
6799,6
6800,6
6801,8
6802,6
6803,6
6804,5
6805,1
6806,8
6807,5
6808,9
6809,1
6810,1
6811,1
6812,3
6813,8
6814,9
6815,0
6816,9
6817,8
6818,0
6819,9
6820,7
6821,8
6822,0
6823,8
6824,7
6825,5
6826,3
6827,7
6828,5
6829,2
6830,9
6831,2
6832,9
6833,0
6834,2
6835,8
6836,8
6837,4
6838,3
6839,9
6840,5
6841,6
6842,8
6843,6
6844,2
6845,7
6846,4
6847,0
6848,3
6849,6
6850,2
6851,1
6852,6
6853,4
6854,6
6855,5
6856,2
6857,1
6858,9
6859,0
6860,5
6861,0
6862,2
6863,1
6864,8
6865,7
6866,5
6867,5
6868,0
6869,8
6870,6
6871,6
6872,7
6873,5
6874,4
6875,5
6876,3
6877,4
6878,6
6879,3
6880,6
6881,7
6882,7
6883,9
6884,5
6885,9
6886,1
6887,4
6888,2
6889,0
6890,8
6891,3
6892,9
6893,9
6894,8
6895,5
6896,4
6897,1
6898,5
6899,2
6900,1
6901,4
6902,4
6903,6
6904,2
6905,6
6906,2
6907,3
6908,0
6909,9
6910,1
6911,2
6912,8
6913,6
6914,0
6915,8
6916,3
6917,6
6918,9
6919,4
6920,0
6921,5
6922,3
6923,6
6924,0
6925,2
6926,3
6927,9
6928,3
6929,3
6930,0
6931,5
6932,9
6933,4
6934,9
6935,4
6936,6
6937,0
6938,2
6939,2
6940,8
6941,1
6942,0
6943,2
6944,0
6945,5
6946,8
6947,6
6948,4
6949,5
6950,7
6951,7
6952,0
6953,9
6954,9
6955,4
6956,2
6957,4
6958,0
6959,0
6960,7
6961,5
6962,6
6963,8
6964,0
6965,2
6966,1
6967,9
6968,2
6969,6
6970,4
6971,5
6972,5
6973,9
6974,6
6975,8
6976,2
6977,9
6978,0
6979,3
6980,4
6981,3
6982,1
6983,8
6984,1
6985,4
6986,8
6987,2
6988,6
6989,7
6990,5
6991,8
6992,6
6993,9
6994,0
6995,9
6996,4
6997,4
6998,0
6999,2
7000,4
7001,9
7002,3
7003,9
7004,7
7005,7
7006,6
7007,5
7008,2
7009,2
7010,2
7011,5
7012,1
7013,2
7014,0
7015,0
7016,0
7017,7
7018,6
7019,0
7020,4
7021,3
7022,0
7023,7
7024,7
7025,3
7026,9
7027,8
7028,3
7029,2
7030,0
7031,0
7032,2
7033,7
7034,8
7035,3
7036,3
7037,9
7038,9
7039,5
7040,5
7041,8
7042,6
7043,5
7044,7
7045,6
7046,9
7047,1
7048,5
7049,4
7050,3
7051,0
7052,7
7053,0
7054,6
7055,7
7056,4
7057,4
7058,2
7059,8
7060,2
7061,2
7062,9
7063,0
7064,4
7065,6
7066,1
7067,9
7068,2
7069,4
7070,2
7071,4
7072,5
7073,1
7074,7
7075,1
7076,9
7077,1
7078,8
7079,3
7080,4
7081,6
7082,7
7083,5
7084,2
7085,9
7086,6
7087,2
7088,8
7089,3
7090,3
7091,1
7092,9
7093,9
7094,4
7095,1
7096,6
7097,9
7098,8
7099,8
7100,2
7101,7
7102,9
7103,4
7104,4
7105,8
7106,5
7107,6
7108,7
7109,8
7110,2
7111,1
7112,5
7113,7
7114,2
7115,1
7116,4
7117,2
7118,3
7119,4
7120,6
7121,5
7122,4
7123,2
7124,6
7125,5
7126,4
7127,1
7128,0
7129,0
7130,8
7131,8
7132,7
7133,2
7134,4
7135,3
7136,7
7137,1
7138,5
7139,9
7140,5
7141,4
7142,5
7143,8
7144,6
7145,7
7146,9
7147,1
7148,4
7149,2
7150,0
7151,0
7152,9
7153,7
7154,1
7155,4
7156,7
7157,3
7158,8
7159,4
7160,3
7161,2
7162,2
7163,1
7164,6
7165,4
7166,7
7167,7
7168,2
7169,7
7170,6
7171,2
7172,8
7173,0
7174,1
7175,4
7176,3
7177,5
7178,4
7179,2
7180,9
7181,4
7182,6
7183,4
7184,1
7185,1
7186,7
7187,4
7188,7
7189,8
7190,1
7191,5
7192,5
7193,3
7194,1
7195,4
7196,1
7197,5
7198,8
7199,2
7200,5
7201,2
7202,3
7203,8
7204,1
7205,9
7206,9
7207,5
7208,5
7209,8
7210,0
7211,6
7212,6
7213,0
7214,4
7215,1
7216,8
7217,3
7218,7
7219,0
7220,6
7221,1
7222,2
7223,3
7224,3
7225,1
7226,4
7227,7
7228,9
7229,8
7230,0
7231,9
7232,7
7233,8
7234,4
7235,6
7236,3
7237,5
7238,2
7239,8
7240,1
7241,0
7242,2
7243,3
7244,2
7245,9
7246,8
7247,0
7248,0
7249,5
7250,9
7251,0
7252,4
7253,2
7254,0
7255,4
7256,2
7257,9
7258,8
7259,0
7260,4
7261,3
7262,2
7263,9
7264,7
7265,4
7266,7
7267,1
7268,2
7269,6
7270,5
7271,4
7272,9
7273,9
7274,6
7275,3
7276,5
7277,9
7278,4
7279,7
7280,1
7281,7
7282,5
7283,6
7284,2
7285,4
7286,8
7287,7
7288,0
7289,0
7290,5
7291,8
7292,0
7293,3
7294,1
7295,0
7296,9
7297,2
7298,5
7299,1
7300,1
7301,3
7302,5
7303,0
7304,3
7305,9
7306,4
7307,9
7308,5
7309,1
7310,8
7311,9
7312,5
7313,4
7314,4
7315,1
7316,6
7317,2
7318,5
7319,9
7320,4
7321,0
7322,2
7323,8
7324,5
7325,8
7326,8
7327,2
7328,1
7329,6
7330,3
7331,9
7332,6
7333,1
7334,2
7335,2
7336,0
7337,2
7338,0
7339,0
7340,3
7341,7
7342,8
7343,2
7344,6
7345,5
7346,4
7347,3
7348,8
7349,6
7350,6
7351,4
7352,5
7353,0
7354,1
7355,0
7356,8
7357,0
7358,5
7359,5
7360,1
7361,1
7362,3
7363,0
7364,4
7365,2
7366,1
7367,1
7368,4
7369,4
7370,6
7371,2
7372,6
7373,4
7374,0
7375,1
7376,1
7377,0
7378,7
7379,6
7380,3
7381,1
7382,9
7383,4
7384,1
7385,8
7386,1
7387,5
7388,2
7389,2
7390,2
7391,2
7392,2
7393,4
7394,8
7395,5
7396,3
7397,8
7398,6
7399,8
7400,3
7401,8
7402,0
7403,6
7404,3
7405,6
7406,3
7407,2
7408,7
7409,9
7410,0
7411,3
7412,1
7413,7
7414,8
7415,4
7416,8
7417,7
7418,6
7419,7
7420,0
7421,2
7422,4
7423,3
7424,9
7425,8
7426,3
7427,6
7428,6
7429,5
7430,7
7431,1
7432,8
7433,1
7434,6
7435,9
7436,3
7437,3
7438,4
7439,9
7440,1
7441,1
7442,5
7443,2
7444,1
7445,8
7446,1
7447,6
7448,5
7449,6
7450,9
7451,1
7452,6
7453,7
7454,2
7455,4
7456,5
7457,9
7458,0
7459,8
7460,3
7461,1
7462,6
7463,0
7464,1
7465,0
7466,2
7467,1
7468,4
7469,5
7470,7
7471,3
7472,6
7473,5
7474,0
7475,0
7476,8
7477,5
7478,4
7479,7
7480,0
7481,4
7482,5
7483,6
7484,7
7485,4
7486,5
7487,4
7488,3
7489,6
7490,2
7491,8
7492,9
7493,2
7494,3
7495,9
7496,1
7497,3
7498,0
7499,1
7500,9
7501,3
7502,8
7503,2
7504,7
7505,6
7506,8
7507,3
7508,6
7509,2
7510,2
7511,1
7512,7
7513,9
7514,4
7515,4
7516,4
7517,5
7518,1
7519,5
7520,5
7521,1
7522,4
7523,2
7524,2
7525,5
7526,7
7527,5
7528,3
7529,4
7530,1
7531,5
7532,1
7533,3
7534,6
7535,0
7536,2
7537,8
7538,8
7539,1
7540,0
7541,2
7542,4
7543,6
7544,8
7545,9
7546,7
7547,0
7548,1
7549,1
7550,4
7551,5
7552,7
7553,1
7554,6
7555,3
7556,2
7557,5
7558,4
7559,5
7560,5
7561,0
7562,6
7563,7
7564,3
7565,4
7566,7
7567,5
7568,0
7569,8
7570,9
7571,0
7572,6
7573,0
7574,4
7575,4
7576,1
7577,5
7578,0
7579,8
7580,6
7581,8
7582,9
7583,2
7584,4
7585,0
7586,6
7587,5
7588,1
7589,6
7590,5
7591,8
7592,6
7593,3
7594,0
7595,2
7596,8
7597,2
7598,4
7599,3
7600,1
7601,8
7602,4
7603,0
7604,6
7605,8
7606,5
7607,6
7608,5
7609,9
7610,1
7611,1
7612,5
7613,7
7614,8
7615,5
7616,2
7617,9
7618,5
7619,7
7620,1
7621,9
7622,7
7623,8
7624,5
7625,5
7626,4
7627,4
7628,9
7629,3
7630,9
7631,1
7632,4
7633,8
7634,7
7635,1
7636,1
7637,1
7638,9
7639,4
7640,9
7641,7
7642,8
7643,5
7644,4
7645,7
7646,8
7647,4
7648,9
7649,7
7650,7
7651,2
7652,0
7653,2
7654,0
7655,8
7656,7
7657,3
7658,8
7659,2
7660,4
7661,9
7662,8
7663,0
7664,3
7665,9
7666,4
7667,6
7668,5
7669,3
7670,3
7671,8
7672,9
7673,2
7674,4
7675,4
7676,0
7677,2
7678,5
7679,8
7680,9
7681,2
7682,7
7683,7
7684,7
7685,3
7686,1
7687,7
7688,1
7689,9
7690,2
7691,2
7692,1
7693,9
7694,4
7695,9
7696,7
7697,4
7698,5
7699,0
7700,9
7701,5
7702,1
7703,9
7704,8
7705,3
7706,5
7707,8
7708,4
7709,8
7710,8
7711,5
7712,1
7713,1
7714,0
7715,6
7716,6
7717,8
7718,9
7719,4
7720,8
7721,8
7722,7
7723,2
7724,8
7725,4
7726,4
7727,4
7728,6
7729,7
7730,6
7731,6
7732,8
7733,1
7734,3
7735,6
7736,2
7737,9
7738,0
7739,9
7740,1
7741,4
7742,8
7743,1
7744,9
7745,2
7746,1
7747,1
7748,2
7749,8
7750,8
7751,4
7752,6
7753,4
7754,6
7755,1
7756,6
7757,0
7758,3
7759,6
7760,6
7761,7
7762,9
7763,7
7764,7
7765,3
7766,6
7767,9
7768,1
7769,3
7770,6
7771,4
7772,5
7773,7
7774,6
7775,3
7776,3
7777,5
7778,9
7779,9
7780,3
7781,3
7782,1
7783,8
7784,9
7785,7
7786,3
7787,7
7788,6
7789,2
7790,9
7791,0
7792,2
7793,7
7794,2
7795,8
7796,0
7797,6
7798,1
7799,4
7800,7
7801,8
7802,2
7803,9
7804,7
7805,5
7806,6
7807,4
7808,3
7809,8
7810,1
7811,8
7812,0
7813,1
7814,6
7815,9
7816,5
7817,8
7818,4
7819,6
7820,3
7821,7
7822,6
7823,2
7824,7
7825,7
7826,8
7827,4
7828,2
7829,1
7830,5
7831,3
7832,6
7833,9
7834,6
7835,6
7836,5
7837,3
7838,6
7839,7
7840,9
7841,7
7842,8
7843,2
7844,4
7845,2
7846,4
7847,5
7848,0
7849,2
7850,3
7851,4
7852,6
7853,2
7854,3
7855,2
7856,9
7857,9
7858,7
7859,7
7860,2
7861,4
7862,6
7863,5
7864,2
7865,5
7866,7
7867,3
7868,8
7869,4
7870,7
7871,0
7872,0
7873,4
7874,7
7875,8
7876,8
7877,4
7878,2
7879,7
7880,9
7881,1
7882,8
7883,4
7884,3
7885,3
7886,8
7887,1
7888,6
7889,4
7890,6
7891,5
7892,0
7893,8
7894,6
7895,9
7896,5
7897,3
7898,2
7899,4
7900,4
7901,1
7902,8
7903,6
7904,5
7905,4
7906,3
7907,4
7908,1
7909,9
7910,7
7911,2
7912,3
7913,4
7914,2
7915,2
7916,2
7917,6
7918,2
7919,2
7920,3
7921,6
7922,3
7923,0
7924,7
7925,3
7926,5
7927,8
7928,2
7929,2
7930,0
7931,2
7932,1
7933,9
7934,7
7935,4
7936,6
7937,8
7938,3
7939,1
7940,5
7941,9
7942,4
7943,1
7944,1
7945,7
7946,3
7947,6
7948,6
7949,2
7950,0
7951,7
7952,4
7953,0
7954,8
7955,1
7956,7
7957,9
7958,3
7959,9
7960,0
7961,2
7962,5
7963,7
7964,9
7965,8
7966,6
7967,7
7968,7
7969,5
7970,1
7971,8
7972,8
7973,5
7974,8
7975,3
7976,0
7977,8
7978,6
7979,8
7980,8
7981,4
7982,5
7983,8
7984,1
7985,6
7986,5
7987,3
7988,5
7989,6
7990,2
7991,3
7992,2
7993,8
7994,8
7995,5
7996,7
7997,4
7998,3
7999,7
8000,3
8001,6
8002,0
8003,1
8004,5
8005,2
8006,3
8007,0
8008,9
8009,0
8010,4
8011,3
8012,1
8013,9
8014,3
8015,2
8016,4
8017,1
8018,1
8019,4
8020,1
8021,1
8022,4
8023,8
8024,4
8025,8
8026,6
8027,1
8028,2
8029,4
8030,9
8031,7
8032,4
8033,6
8034,2
8035,3
8036,6
8037,7
8038,6
8039,7
8040,3
8041,0
8042,1
8043,7
8044,4
8045,7
8046,4
8047,2
8048,4
8049,8
8050,1
8051,3
8052,8
8053,9
8054,6
8055,9
8056,0
8057,8
8058,3
8059,6
8060,0
8061,1
8062,0
8063,6
8064,7
8065,7
8066,2
8067,1
8068,1
8069,8
8070,5
8071,3
8072,6
8073,9
8074,2
8075,1
8076,3
8077,4
8078,1
8079,2
8080,1
8081,3
8082,5
8083,3
8084,2
8085,2
8086,7
8087,9
8088,9
8089,0
8090,8
8091,2
8092,3
8093,2
8094,0
8095,7
8096,6
8097,0
8098,8
8099,7
8100,3
8101,7
8102,3
8103,0
8104,3
8105,8
8106,1
8107,5
8108,4
8109,8
8110,1
8111,8
8112,0
8113,5
8114,5
8115,3
8116,8
8117,4
8118,9
8119,6
8120,9
8121,4
8122,8
8123,9
8124,7
8125,3
8126,5
8127,9
8128,8
8129,7
8130,3
8131,3
8132,4
8133,0
8134,7
8135,2
8136,6
8137,3
8138,4
8139,2
8140,3
8141,3
8142,0
8143,3
8144,6
8145,4
8146,0
8147,3
8148,6
8149,2
8150,0
8151,8
8152,1
8153,6
8154,0
8155,3
8156,8
8157,5
8158,6
8159,6
8160,4
8161,7
8162,0
8163,7
8164,0
8165,6
8166,0
8167,1
8168,6
8169,8
8170,5
8171,2
8172,4
8173,1
8174,7
8175,9
8176,9
8177,4
8178,9
8179,4
8180,7
8181,7
8182,3
8183,3
8184,3
8185,7
8186,0
8187,1
8188,1
8189,4
8190,1
8191,6
8192,9
8193,5
8194,1
8195,8
8196,6
8197,0
8198,9
8199,9
8200,4
8201,4
8202,4
8203,4
8204,6
8205,9
8206,7
8207,4
8208,6
8209,5
8210,9
8211,7
8212,2
8213,6
8214,2
8215,4
8216,2
8217,3
8218,8
8219,7
8220,3
8221,6
8222,9
8223,3
8224,0
8225,9
8226,9
8227,7
8228,8
8229,1
8230,6
8231,0
8232,8
8233,6
8234,4
8235,3
8236,9
8237,0
8238,6
8239,1
8240,5
8241,8
8242,7
8243,8
8244,1
8245,4
8246,3
8247,4
8248,5
8249,0
8250,5
8251,8
8252,5
8253,8
8254,7
8255,4
8256,0
8257,5
8258,6
8259,8
8260,1
8261,7
8262,5
8263,4
8264,6
8265,6
8266,7
8267,6
8268,5
8269,5
8270,2
8271,7
8272,0
8273,9
8274,5
8275,8
8276,2
8277,9
8278,4
8279,4
8280,3
8281,7
8282,3
8283,3
8284,4
8285,4
8286,2
8287,8
8288,5
8289,4
8290,5
8291,4
8292,8
8293,7
8294,1
8295,3
8296,0
8297,7
8298,5
8299,7
8300,9
8301,4
8302,8
8303,5
8304,3
8305,1
8306,9
8307,7
8308,9
8309,3
8310,7
8311,4
8312,3
8313,9
8314,2
8315,2
8316,3
8317,1
8318,6
8319,8
8320,9
8321,6
8322,0
8323,6
8324,0
8325,6
8326,8
8327,7
8328,1
8329,3
8330,0
8331,2
8332,8
8333,0
8334,8
8335,5
8336,3
8337,0
8338,3
8339,0
8340,7
8341,9
8342,4
8343,1
8344,9
8345,1
8346,5
8347,2
8348,2
8349,2
8350,4
8351,6
8352,4
8353,5
8354,3
8355,1
8356,4
8357,5
8358,3
8359,3
8360,9
8361,3
8362,5
8363,3
8364,0
8365,3
8366,4
8367,0
8368,1
8369,2
8370,0
8371,3
8372,9
8373,6
8374,0
8375,4
8376,5
8377,9
8378,5
8379,9
8380,2
8381,4
8382,8
8383,8
8384,1
8385,7
8386,4
8387,6
8388,4
8389,4
8390,3
8391,0
8392,7
8393,0
8394,5
8395,0
8396,9
8397,5
8398,3
8399,0
8400,7
8401,4
8402,4
8403,5
8404,7
8405,9
8406,5
8407,4
8408,4
8409,0
8410,4
8411,2
8412,0
8413,3
8414,0
8415,8
8416,7
8417,8
8418,9
8419,2
8420,2
8421,0
8422,5
8423,3
8424,7
8425,5
8426,7
8427,0
8428,0
8429,4
8430,4
8431,5
8432,9
8433,8
8434,1
8435,1
8436,9
8437,6
8438,7
8439,2
8440,5
8441,8
8442,5
8443,3
8444,3
8445,0
8446,6
8447,1
8448,3
8449,2
8450,6
8451,5
8452,0
8453,4
8454,4
8455,4
8456,0
8457,2
8458,0
8459,6
8460,9
8461,3
8462,9
8463,8
8464,1
8465,8
8466,7
8467,1
8468,3
8469,9
8470,1
8471,5
8472,9
8473,0
8474,5
8475,8
8476,7
8477,6
8478,4
8479,0
8480,1
8481,0
8482,4
8483,0
8484,6
8485,9
8486,0
8487,3
8488,6
8489,2
8490,6
8491,9
8492,2
8493,2
8494,6
8495,6
8496,4
8497,7
8498,8
8499,4
8500,8
8501,5
8502,4
8503,6
8504,8
8505,7
8506,9
8507,3
8508,3
8509,0
8510,0
8511,3
8512,2
8513,0
8514,8
8515,2
8516,7
8517,1
8518,2
8519,2
8520,8
8521,0
8522,0
8523,0
8524,1
8525,1
8526,4
8527,3
8528,9
8529,6
8530,1
8531,0
8532,5
8533,0
8534,8
8535,1
8536,4
8537,6
8538,6
8539,5
8540,7
8541,8
8542,7
8543,4
8544,3
8545,0
8546,9
8547,6
8548,2
8549,3
8550,6
8551,9
8552,8
8553,0
8554,4
8555,3
8556,0
8557,4
8558,5
8559,9
8560,5
8561,7
8562,2
8563,1
8564,5
8565,9
8566,0
8567,2
8568,6
8569,2
8570,5
8571,2
8572,2
8573,8
8574,7
8575,0
8576,7
8577,4
8578,9
8579,9
8580,7
8581,6
8582,1
8583,8
8584,9
8585,5
8586,2
8587,6
8588,8
8589,8
8590,0
8591,0
8592,4
8593,2
8594,2
8595,8
8596,1
8597,4
8598,7
8599,5
8600,0
8601,8
8602,2
8603,3
8604,4
8605,5
8606,1
8607,3
8608,6
8609,2
8610,7
8611,9
8612,5
8613,6
8614,5
8615,8
8616,6
8617,3
8618,8
8619,6
8620,4
8621,4
8622,9
8623,1
8624,5
8625,7
8626,8
8627,2
8628,3
8629,7
8630,0
8631,9
8632,2
8633,6
8634,5
8635,2
8636,3
8637,2
8638,8
8639,9
8640,2
8641,9
8642,1
8643,1
8644,4
8645,7
8646,8
8647,1
8648,0
8649,6
8650,7
8651,8
8652,5
8653,4
8654,0
8655,4
8656,6
8657,7
8658,4
8659,9
8660,4
8661,0
8662,3
8663,2
8664,6
8665,7
8666,5
8667,5
8668,8
8669,7
8670,9
8671,1
8672,2
8673,8
8674,5
8675,1
8676,7
8677,8
8678,0
8679,5
8680,4
8681,7
8682,8
8683,0
8684,2
8685,8
8686,9
8687,3
8688,4
8689,1
8690,3
8691,5
8692,4
8693,7
8694,6
8695,1
8696,1
8697,5
8698,6
8699,3
8700,4
8701,1
8702,8
8703,6
8704,4
8705,5
8706,7
8707,1
8708,4
8709,1
8710,0
8711,6
8712,1
8713,9
8714,2
8715,9
8716,0
8717,0
8718,3
8719,3
8720,0
8721,5
8722,7
8723,9
8724,9
8725,5
8726,6
8727,5
8728,7
8729,3
8730,7
8731,0
8732,0
8733,8
8734,3
8735,5
8736,1
8737,9
8738,4
8739,3
8740,4
8741,0
8742,7
8743,0
8744,6
8745,5
8746,1
8747,6
8748,2
8749,1
8750,1
8751,5
8752,3
8753,3
8754,9
8755,7
8756,7
8757,3
8758,6
8759,5
8760,3
8761,1
8762,5
8763,0
8764,1
8765,3
8766,9
8767,6
8768,2
8769,8
8770,5
8771,6
8772,6
8773,7
8774,6
8775,4
8776,0
8777,7
8778,9
8779,8
8780,8
8781,3
8782,8
8783,6
8784,7
8785,1
8786,3
8787,1
8788,1
8789,2
8790,2
8791,2
8792,6
8793,1
8794,4
8795,9
8796,2
8797,3
8798,4
8799,0
8800,7
8801,1
8802,5
8803,2
8804,7
8805,5
8806,8
8807,4
8808,0
8809,9
8810,6
8811,8
8812,5
8813,4
8814,6
8815,7
8816,3
8817,7
8818,0
8819,1
8820,2
8821,3
8822,9
8823,9
8824,3
8825,7
8826,5
8827,1
8828,3
8829,2
8830,3
8831,4
8832,4
8833,5
8834,0
8835,6
8836,9
8837,9
8838,4
8839,2
8840,5
8841,6
8842,6
8843,1
8844,0
8845,9
8846,5
8847,2
8848,1
8849,7
8850,7
8851,4
8852,6
8853,6
8854,7
8855,9
8856,0
8857,8
8858,1
8859,3
8860,1
8861,7
8862,9
8863,7
8864,1
8865,3
8866,2
8867,7
8868,5
8869,4
8870,9
8871,8
8872,3
8873,3
8874,0
8875,3
8876,4
8877,7
8878,6
8879,3
8880,4
8881,9
8882,7
8883,0
8884,7
8885,1
8886,1
8887,5
8888,0
8889,2
8890,4
8891,3
8892,8
8893,7
8894,4
8895,4
8896,9
8897,0
8898,8
8899,3
8900,8
8901,7
8902,4
8903,5
8904,1
8905,0
8906,2
8907,1
8908,1
8909,9
8910,1
8911,6
8912,8
8913,6
8914,9
8915,4
8916,8
8917,3
8918,1
8919,0
8920,6
8921,0
8922,1
8923,6
8924,7
8925,5
8926,0
8927,6
8928,9
8929,9
8930,1
8931,5
8932,5
8933,8
8934,0
8935,4
8936,9
8937,7
8938,2
8939,6
8940,3
8941,9
8942,5
8943,2
8944,6
8945,2
8946,2
8947,6
8948,0
8949,0
8950,6
8951,8
8952,9
8953,0
8954,7
8955,2
8956,9
8957,8
8958,7
8959,4
8960,3
8961,3
8962,4
8963,7
8964,2
8965,1
8966,8
8967,7
8968,3
8969,3
8970,5
8971,9
8972,5
8973,1
8974,3
8975,5
8976,4
8977,8
8978,3
8979,9
8980,2
8981,8
8982,3
8983,9
8984,4
8985,2
8986,3
8987,2
8988,3
8989,8
8990,0
8991,3
8992,5
8993,4
8994,5
8995,5
8996,9
8997,8
8998,7
8999,1
9000,3
9001,1
9002,1
9003,1
9004,4
9005,9
9006,5
9007,4
9008,4
9009,5
9010,3
9011,8
9012,1
9013,7
9014,3
9015,3
9016,2
9017,3
9018,3
9019,3
9020,8
9021,6
9022,0
9023,2
9024,8
9025,2
9026,7
9027,4
9028,1
9029,0
9030,1
9031,3
9032,2
9033,5
9034,4
9035,0
9036,2
9037,2
9038,9
9039,7
9040,1
9041,4
9042,4
9043,3
9044,5
9045,0
9046,2
9047,5
9048,0
9049,6
9050,8
9051,5
9052,4
9053,9
9054,9
9055,2
9056,8
9057,8
9058,3
9059,2
9060,4
9061,0
9062,4
9063,7
9064,3
9065,4
9066,7
9067,4
9068,7
9069,5
9070,2
9071,2
9072,2
9073,2
9074,8
9075,7
9076,4
9077,8
9078,2
9079,2
9080,3
9081,9
9082,2
9083,1
9084,1
9085,5
9086,5
9087,5
9088,2
9089,6
9090,3
9091,3
9092,5
9093,1
9094,7
9095,1
9096,9
9097,7
9098,0
9099,1
9100,7
9101,1
9102,1
9103,5
9104,6
9105,7
9106,1
9107,8
9108,9
9109,5
9110,4
9111,4
9112,3
9113,6
9114,6
9115,5
9116,6
9117,5
9118,3
9119,0
9120,2
9121,3
9122,2
9123,4
9124,9
9125,6
9126,1
9127,7
9128,5
9129,5
9130,4
9131,5
9132,1
9133,3
9134,0
9135,3
9136,6
9137,5
9138,2
9139,9
9140,3
9141,1
9142,0
9143,5
9144,6
9145,8
9146,8
9147,7
9148,4
9149,6
9150,1
9151,3
9152,9
9153,9
9154,6
9155,5
9156,6
9157,7
9158,1
9159,4
9160,5
9161,6
9162,7
9163,8
9164,4
9165,5
9166,1
9167,8
9168,9
9169,0
9170,1
9171,7
9172,2
9173,9
9174,8
9175,6
9176,0
9177,6
9178,5
9179,2
9180,6
9181,6
9182,9
9183,2
9184,9
9185,3
9186,7
9187,3
9188,0
9189,4
9190,2
9191,0
9192,5
9193,6
9194,4
9195,0
9196,9
9197,9
9198,9
9199,5
9200,9
9201,2
9202,6
9203,1
9204,4
9205,3
9206,5
9207,9
9208,8
9209,1
9210,8
9211,1
9212,3
9213,5
9214,3
9215,8
9216,0
9217,4
9218,0
9219,0
9220,6
9221,9
9222,6
9223,6
9224,7
9225,8
9226,0
9227,6
9228,0
9229,0
9230,0
9231,8
9232,5
9233,8
9234,7
9235,2
9236,4
9237,5
9238,1
9239,3
9240,7
9241,0
9242,5
9243,4
9244,3
9245,3
9246,3
9247,6
9248,7
9249,3
9250,3
9251,3
9252,5
9253,0
9254,7
9255,7
9256,2
9257,0
9258,3
9259,8
9260,6
9261,3
9262,8
9263,1
9264,8
9265,7
9266,9
9267,9
9268,3
9269,3
9270,3
9271,1
9272,6
9273,9
9274,0
9275,1
9276,2
9277,8
9278,2
9279,8
9280,7
9281,8
9282,7
9283,4
9284,2
9285,9
9286,5
9287,8
9288,7
9289,7
9290,8
9291,2
9292,6
9293,9
9294,6
9295,4
9296,7
9297,8
9298,2
9299,1
9300,5
9301,6
9302,8
9303,7
9304,7
9305,3
9306,8
9307,2
9308,2
9309,3
9310,9
9311,2
9312,5
9313,4
9314,6
9315,5
9316,7
9317,0
9318,5
9319,4
9320,1
9321,7
9322,8
9323,8
9324,7
9325,4
9326,2
9327,5
9328,4
9329,2
9330,7
9331,2
9332,8
9333,1
9334,1
9335,9
9336,7
9337,9
9338,3
9339,8
9340,9
9341,7
9342,5
9343,5
9344,1
9345,0
9346,3
9347,4
9348,1
9349,4
9350,2
9351,8
9352,9
9353,3
9354,5
9355,7
9356,7
9357,4
9358,7
9359,4
9360,0
9361,6
9362,8
9363,4
9364,1
9365,8
9366,0
9367,3
9368,8
9369,6
9370,9
9371,2
9372,3
9373,2
9374,3
9375,9
9376,9
9377,8
9378,0
9379,4
9380,2
9381,4
9382,0
9383,4
9384,3
9385,7
9386,0
9387,0
9388,0
9389,5
9390,5
9391,4
9392,5
9393,1
9394,5
9395,3
9396,9
9397,2
9398,2
9399,8
9400,0
9401,2
9402,2
9403,5
9404,0
9405,5
9406,9
9407,6
9408,6
9409,0
9410,6
9411,7
9412,8
9413,4
9414,7
9415,7
9416,5
9417,2
9418,0
9419,8
9420,8
9421,2
9422,4
9423,6
9424,3
9425,5
9426,4
9427,7
9428,9
9429,0
9430,5
9431,2
9432,8
9433,6
9434,3
9435,2
9436,8
9437,9
9438,2
9439,6
9440,2
9441,8
9442,4
9443,3
9444,3
9445,7
9446,2
9447,6
9448,3
9449,2
9450,2
9451,6
9452,7
9453,0
9454,4
9455,8
9456,1
9457,2
9458,3
9459,2
9460,0
9461,4
9462,0
9463,9
9464,4
9465,4
9466,8
9467,7
9468,0
9469,4
9470,9
9471,3
9472,4
9473,6
9474,5
9475,6
9476,9
9477,9
9478,2
9479,1
9480,1
9481,0
9482,9
9483,6
9484,4
9485,0
9486,7
9487,9
9488,1
9489,8
9490,1
9491,2
9492,9
9493,7
9494,0
9495,7
9496,4
9497,0
9498,3
9499,1
9500,1
9501,2
9502,4
9503,4
9504,4
9505,8
9506,3
9507,2
9508,2
9509,9
9510,6
9511,2
9512,4
9513,5
9514,0
9515,1
9516,0
9517,2
9518,5
9519,2
9520,0
9521,6
9522,3
9523,5
9524,4
9525,0
9526,7
9527,3
9528,5
9529,5
9530,8
9531,2
9532,4
9533,6
9534,6
9535,8
9536,4
9537,5
9538,9
9539,2
9540,0
9541,0
9542,5
9543,4
9544,5
9545,4
9546,0
9547,6
9548,0
9549,1
9550,8
9551,0
9552,6
9553,8
9554,0
9555,3
9556,3
9557,2
9558,3
9559,9
9560,5
9561,2
9562,1
9563,1
9564,0
9565,1
9566,0
9567,0
9568,9
9569,1
9570,4
9571,2
9572,2
9573,3
9574,4
9575,6
9576,8
9577,5
9578,8
9579,2
9580,6
9581,7
9582,8
9583,8
9584,9
9585,4
9586,6
9587,5
9588,0
9589,9
9590,9
9591,5
9592,8
9593,5
9594,0
9595,5
9596,4
9597,0
9598,5
9599,9
9600,6
9601,5
9602,3
9603,4
9604,9
9605,0
9606,5
9607,3
9608,3
9609,6
9610,9
9611,8
9612,6
9613,1
9614,6
9615,5
9616,3
9617,0
9618,7
9619,2
9620,7
9621,9
9622,7
9623,5
9624,9
9625,6
9626,9
9627,4
9628,6
9629,5
9630,2
9631,0
9632,9
9633,9
9634,7
9635,1
9636,6
9637,3
9638,4
9639,7
9640,0
9641,1
9642,9
9643,1
9644,0
9645,7
9646,3
9647,9
9648,3
9649,6
9650,6
9651,7
9652,0
9653,4
9654,3
9655,7
9656,0
9657,2
9658,0
9659,1
9660,9
9661,1
9662,3
9663,2
9664,2
9665,1
9666,0
9667,0
9668,3
9669,7
9670,3
9671,2
9672,2
9673,5
9674,4
9675,5
9676,0
9677,6
9678,7
9679,3
9680,1
9681,1
9682,7
9683,2
9684,6
9685,3
9686,0
9687,1
9688,3
9689,8
9690,5
9691,5
9692,8
9693,6
9694,8
9695,6
9696,0
9697,6
9698,4
9699,2
9700,8
9701,3
9702,9
9703,7
9704,7
9705,3
9706,5
9707,9
9708,8
9709,9
9710,8
9711,9
9712,7
9713,0
9714,0
9715,3
9716,6
9717,1
9718,1
9719,7
9720,3
9721,5
9722,5
9723,0
9724,1
9725,4
9726,6
9727,4
9728,8
9729,2
9730,3
9731,4
9732,3
9733,2
9734,4
9735,6
9736,2
9737,6
9738,9
9739,1
9740,9
9741,6
9742,4
9743,5
9744,6
9745,1
9746,8
9747,6
9748,3
9749,5
9750,8
9751,9
9752,8
9753,1
9754,2
9755,2
9756,3
9757,3
9758,0
9759,0
9760,8
9761,4
9762,6
9763,5
9764,3
9765,0
9766,2
9767,1
9768,4
9769,4
9770,1
9771,6
9772,0
9773,1
9774,7
9775,7
9776,1
9777,7
9778,6
9779,0
9780,2
9781,3
9782,5
9783,9
9784,2
9785,4
9786,3
9787,2
9788,9
9789,6
9790,2
9791,8
9792,6
9793,6
9794,8
9795,1
9796,1
9797,4
9798,2
9799,5
9800,7
9801,4
9802,7
9803,8
9804,9
9805,7
9806,9
9807,8
9808,8
9809,7
9810,8
9811,1
9812,1
9813,4
9814,5
9815,8
9816,9
9817,9
9818,8
9819,4
9820,4
9821,9
9822,4
9823,3
9824,1
9825,8
9826,6
9827,4
9828,9
9829,1
9830,3
9831,6
9832,6
9833,1
9834,1
9835,6
9836,8
9837,4
9838,5
9839,4
9840,6
9841,5
9842,6
9843,0
9844,2
9845,3
9846,7
9847,7
9848,1
9849,6
9850,5
9851,2
9852,5
9853,7
9854,3
9855,3
9856,0
9857,3
9858,4
9859,8
9860,5
9861,8
9862,4
9863,6
9864,8
9865,0
9866,0
9867,7
9868,4
9869,4
9870,4
9871,5
9872,0
9873,2
9874,3
9875,7
9876,7
9877,8
9878,5
9879,7
9880,7
9881,8
9882,0
9883,3
9884,8
9885,6
9886,4
9887,8
9888,0
9889,7
9890,4
9891,2
9892,3
9893,6
9894,9
9895,4
9896,2
9897,4
9898,5
9899,2
9900,7
9901,0
9902,7
9903,9
9904,4
9905,1
9906,9
9907,4
9908,3
9909,4
9910,5
9911,5
9912,3
9913,9
9914,0
9915,9
9916,7
9917,1
9918,5
9919,4
9920,2
9921,6
9922,2
9923,1
9924,4
9925,8
9926,9
9927,3
9928,1
9929,7
9930,2
9931,8
9932,9
9933,9
9934,7
9935,7
9936,4
9937,1
9938,6
9939,7
9940,1
9941,5
9942,8
9943,6
9944,9
9945,4
9946,5
9947,4
9948,3
9949,4
9950,4
9951,3
9952,8
9953,4
9954,7
9955,5
9956,2
9957,5
9958,0
9959,8
9960,4
9961,9
9962,8
9963,5
9964,8
9965,8
9966,2
9967,4
9968,1
9969,3
9970,2
9971,7
9972,2
9973,9
9974,1
9975,6
9976,9
9977,6
9978,7
9979,4
9980,0
9981,8
9982,2
9983,3
9984,9
9985,8
9986,2
9987,1
9988,9
9989,6
9990,3
9991,4
9992,3
9993,7
9994,4
9995,3
9996,6
9997,9
9998,9
9999,0
